State_name,district_name,block_name,village_name,village_code,service_level,state_name,blcode11,vil_encode
Andhra Pradesh,Y. RAMAVARAM,BODDUMAMIDI,BODDUMAMIDI,11111147831,55.0,,,
Andhra Pradesh,Y. RAMAVARAM,BODDUMAMIDI,KOTTHAPAKALU,11111147%3A31,55.0,,,
Andhra Pradesh,Y. RAMAVARAM,BODDUMAMIDI,KOTHA KOTA,11111148121,55.0,,,
Andhra Pradesh,Y. RAMAVARAM,BODDUMAMIDI,KUNKUMAMIDI,11111148371,55.0,,,
Andhra Pradesh,Y. RAMAVARAM,BODDUMAMIDI,CHINTALAPUDI,11111148411,55.0,,,
Andhra Pradesh,Y. RAMAVARAM,BODDUMAMIDI,KOKITAGONDI,11111148441,54.84,,,
Andhra Pradesh,Y. RAMAVARAM,BODDUMAMIDI,GANNAVARAM,11111148461,55.0,,,
Andhra Pradesh,Y. RAMAVARAM,BODDUMAMIDI,TADIKOTA,11111148491,55.0,,,
Andhra Pradesh,Y. RAMAVARAM,BODDUMAMIDI,NULAKAMAMIDI,111111484%3A1,55.0,,,
Andhra Pradesh,Y. RAMAVARAM,BODDUMAMIDI,KAPPALABANDA,11111148561,55.0,,,
Andhra Pradesh,Y. RAMAVARAM,BODDUMAMIDI,NAKKALPADU,11111148771,55.0,,,
Andhra Pradesh,Y. RAMAVARAM,BODDUMAMIDI,MULAGALAPAUDI,11111148821,63.52,,,
Andhra Pradesh,Y. RAMAVARAM,BODDUMAMIDI,NELLIKOTA,111111485%3A1,55.0,,,
Andhra Pradesh,Y. RAMAVARAM,BODDUMAMIDI,DORAWADA,11116%3A847%3A1,55.0,,,
Andhra Pradesh,Y. RAMAVARAM,BODDUMAMIDI,VEDULLAPALLI,11116%3A84871,55.0,,,
Andhra Pradesh,Y. RAMAVARAM,BODDUMAMIDI,GOPOLATHOTAMANIDI,11111148141,55.0,,,
Andhra Pradesh,Y. RAMAVARAM,BODDUMAMIDI,SINGAWARAM,11111148621,55.0,,,
Andhra Pradesh,Y. RAMAVARAM,BODDUMAMIDI,DUBELA,11111147911,55.0,,,
Andhra Pradesh,Y. RAMAVARAM,BODDUMAMIDI,LINGAVARAM,11111148221,55.0,,,
Andhra Pradesh,Y. RAMAVARAM,BODDUMAMIDI,SINGANNAKOTA,111111479%3A1,55.0,,,
Andhra Pradesh,Y. RAMAVARAM,BODDUMAMIDI,DADALIKAWADA,11111148611,55.0,,,
Andhra Pradesh,Y. RAMAVARAM,BODDUMAMIDI,BURADAKOTA,11111148591,55.0,,,
Andhra Pradesh,Y. RAMAVARAM,BODDUMAMIDI,TANGEDUKOTA,11111147981,55.0,,,
Andhra Pradesh,Y. RAMAVARAM,BODDUMAMIDI,ANTILOVA,111111478%3A1,82.28,,,
Andhra Pradesh,Y. RAMAVARAM,BODDUMAMIDI,KORAMATIGONDI,11111148291,55.0,,,
Andhra Pradesh,Y. RAMAVARAM,BODDUMAMIDI,KARNIKOTA,11116%3A84711,73.59,,,
Andhra Pradesh,Y. RAMAVARAM,BODDUMAMIDI,DORALOVA,11117226391,55.0,,,
Andhra Pradesh,Y. RAMAVARAM,BODDUMAMIDI,TULUSURU,11111147891,55.0,,,
Andhra Pradesh,Y. RAMAVARAM,BODDUMAMIDI,YADLAGONDA,11116%3A84751,55.0,,,
Andhra Pradesh,Y. RAMAVARAM,BODDUMAMIDI,BHEEMUDUGEDDA,111111483%3A1,55.0,,,
Andhra Pradesh,Y. RAMAVARAM,BODDUMAMIDI,BODDAGANDI,11111147961,55.0,,,
Andhra Pradesh,Y. RAMAVARAM,BODDUMAMIDI,CHILAKAVEEDILANKA ,11117129891,55.0,,,
Andhra Pradesh,Y. RAMAVARAM,BODDUMAMIDI,JALAGALOVA ,11117129911,55.0,,,
Andhra Pradesh,Y. RAMAVARAM,BODDUMAMIDI,PULUSAMAMIDI,11111148831,55.0,,,
Andhra Pradesh,Y. RAMAVARAM,BODDUMAMIDI,CHANAGANURU,11111147%3A51,55.0,,,
Andhra Pradesh,Y. RAMAVARAM,BODDUMAMIDI,P.YERRAGONDA,11111148481,55.0,,,
Andhra Pradesh,Y. RAMAVARAM,BODDUMAMIDI,ALLURIGEDA,11111147%3A81,55.0,,,
Andhra Pradesh,Y. RAMAVARAM,BODDUMAMIDI,DONKARI,11111147821,55.0,,,
Andhra Pradesh,Y. RAMAVARAM,BODDUMAMIDI,GANGANURU,11111147881,55.0,,,
Andhra Pradesh,Y. RAMAVARAM,BODDUMAMIDI,G.VATTI GEDDA,11111148111,55.0,,,
Andhra Pradesh,Y. RAMAVARAM,BODDUMAMIDI,RACHAVALASA,11111148381,55.0,,,
Andhra Pradesh,Y. RAMAVARAM,BODDUMAMIDI,RAVVAGADDA,11111148391,55.0,,,
Andhra Pradesh,Y. RAMAVARAM,BODDUMAMIDI,IRLAWADA,111111482%3A1,55.0,,,
Andhra Pradesh,Y. RAMAVARAM,BODDUMAMIDI,DUMPAVALASA,11111148311,55.0,,,
Andhra Pradesh,Y. RAMAVARAM,BODDUMAMIDI,PERIKIVALASA,11111148331,55.0,,,
Andhra Pradesh,Y. RAMAVARAM,BODDUMAMIDI,PUTTAGANDI,11111148361,55.0,,,
Andhra Pradesh,Y. RAMAVARAM,BODDUMAMIDI,GORABANDA,11111148511,55.0,,,
Andhra Pradesh,Y. RAMAVARAM,BODDUMAMIDI,SESHARAI,11111148521,55.0,,,
Andhra Pradesh,Y. RAMAVARAM,BODDUMAMIDI,YERLAGEDDA,11111148531,55.0,,,
Andhra Pradesh,Y. RAMAVARAM,BODDUMAMIDI,KOMARAVARAM,11111148541,55.0,,,
Andhra Pradesh,Y. RAMAVARAM,BODDUMAMIDI,PYDIPUTLA,11111148551,55.0,,,
Andhra Pradesh,Y. RAMAVARAM,BODDUMAMIDI,PASARAGANNI,11111148471,55.0,,,
Andhra Pradesh,Y. RAMAVARAM,BODDUMAMIDI,BODDAGUNTA,11111148421,55.0,,,
Andhra Pradesh,Y. RAMAVARAM,BODDUMAMIDI,CHINTAKOYYA,11111148431,55.0,,,
Andhra Pradesh,Y. RAMAVARAM,BODDUMAMIDI,JAMGALATHOTA,11111148581,55.0,,,
Andhra Pradesh,Y. RAMAVARAM,BODDUMAMIDI,K.YARRAGONDA,11111148781,55.0,,,
Andhra Pradesh,Y. RAMAVARAM,BODDUMAMIDI,SIMHADRIPALEM,11111148791,55.0,,,
Andhra Pradesh,Y. RAMAVARAM,BODDUMAMIDI,ANNAMPALAM,111111487%3A1,55.0,,,
Andhra Pradesh,Y. RAMAVARAM,BODDUMAMIDI,BURUGUPALEM,11111148811,55.0,,,
Andhra Pradesh,Y. RAMAVARAM,BODDUMAMIDI,DABBAMAMIDI,11111148631,55.0,,,
Andhra Pradesh,Y. RAMAVARAM,BODDUMAMIDI,BANDIGEDDA,11111148641,55.0,,,
Andhra Pradesh,Y. RAMAVARAM,BODDUMAMIDI,NAKKARATIPALEM,11111148651,55.0,,,
Andhra Pradesh,Y. RAMAVARAM,BODDUMAMIDI,JAJIGEDDA,11111148661,72.68,,,
Andhra Pradesh,Y. RAMAVARAM,BODDUMAMIDI,Y.RAMAVARAM,11111148671,55.0,,,
Andhra Pradesh,Y. RAMAVARAM,BODDUMAMIDI,CHINTAKARAPALEM,11111148681,55.0,,,
Andhra Pradesh,Y. RAMAVARAM,BODDUMAMIDI,KOTA,11111148691,55.0,,,
Andhra Pradesh,Y. RAMAVARAM,BODDUMAMIDI,PUTTAPALLI,111111486%3A1,55.0,,,
Andhra Pradesh,Y. RAMAVARAM,BODDUMAMIDI,AMMAPATA,11111148711,55.0,,,
Andhra Pradesh,Y. RAMAVARAM,BODDUMAMIDI,VANAMAMIDIGONDI,11111148721,55.0,,,
Andhra Pradesh,Y. RAMAVARAM,BODDUMAMIDI,PEDAVULAMPADU,11111148731,55.0,,,
Andhra Pradesh,Y. RAMAVARAM,BODDUMAMIDI,CHENDURTHI,11111148741,55.0,,,
Andhra Pradesh,Y. RAMAVARAM,BODDUMAMIDI,CHINAVULEMPADU,11111148751,55.0,,,
Andhra Pradesh,Y. RAMAVARAM,BODDUMAMIDI,REGADIPALEM,11111148761,55.0,,,
Andhra Pradesh,Y. RAMAVARAM,BODDUMAMIDI,VILLARTHI,11111147841,55.0,,,
Andhra Pradesh,Y. RAMAVARAM,BODDUMAMIDI,MARRIGUDA,11111147861,55.0,,,
Andhra Pradesh,Y. RAMAVARAM,BODDUMAMIDI,BATCHALURU,11111147871,55.0,,,
Andhra Pradesh,Y. RAMAVARAM,BODDUMAMIDI,RAKOTA,11111147971,61.36,,,
Andhra Pradesh,Y. RAMAVARAM,BODDUMAMIDI,GONDIKOTA,11111147951,55.0,,,
Andhra Pradesh,Y. RAMAVARAM,BODDUMAMIDI,KOPPULAKOTA,11111147%3A21,55.0,,,
Andhra Pradesh,Y. RAMAVARAM,BODDUMAMIDI,PATHA KOTA,11111147%3A41,55.0,,,
Andhra Pradesh,Y. RAMAVARAM,BODDUMAMIDI,GURTHEDU,11111147%3A91,56.0,,,
Andhra Pradesh,Y. RAMAVARAM,BODDUMAMIDI,VEERAMPALEM,11111147%3A%3A1,55.0,,,
Andhra Pradesh,Y. RAMAVARAM,BODDUMAMIDI,REVEDIKOTA,11111147%3A61,55.0,,,
Andhra Pradesh,Y. RAMAVARAM,BODDUMAMIDI,KADARIKOTA,11111147%3A71,55.0,,,
Andhra Pradesh,Y. RAMAVARAM,BODDUMAMIDI,BOSSILOVA,11111148231,55.0,,,
Andhra Pradesh,Y. RAMAVARAM,BODDUMAMIDI,DARAGADDA,11111148241,55.0,,,
Andhra Pradesh,Y. RAMAVARAM,BODDUMAMIDI,POLAMANUGANDI,11111148261,55.0,,,
Andhra Pradesh,Y. RAMAVARAM,BODDUMAMIDI,BUSIKOTA,11111148271,55.0,,,
Andhra Pradesh,Y. RAMAVARAM,BODDUMAMIDI,BURADAVALASA,11111148281,55.0,,,
Andhra Pradesh,Y. RAMAVARAM,BODDUMAMIDI,VEJUVADA,11111148151,55.0,,,
Andhra Pradesh,Y. RAMAVARAM,BODDUMAMIDI,PANASALOVA,11111148161,55.0,,,
Andhra Pradesh,Y. RAMAVARAM,BODDUMAMIDI,VOOTLABANDA,11111148171,58.39,,,
Andhra Pradesh,Y. RAMAVARAM,BODDUMAMIDI,KANIWADA,11111148191,55.0,,,
Andhra Pradesh,Y. RAMAVARAM,BODDUMAMIDI,JAJIVAGALA,111111481%3A1,55.0,,,
Andhra Pradesh,Y. RAMAVARAM,BODDUMAMIDI,POOLOVA,11111148211,55.0,,,
Andhra Pradesh,Y. RAMAVARAM,BODDUMAMIDI,GUMMARIPALEM,11111148841,55.0,,,
Andhra Pradesh,Y. RAMAVARAM,BODDUMAMIDI,DALIPADU,11111148851,55.0,,,
Andhra Pradesh,Y. RAMAVARAM,BODDUMAMIDI,TUNIKILAPADU,11111148861,55.0,,,
Andhra Pradesh,Y. RAMAVARAM,BODDUMAMIDI,RACHAPALAM,11111148881,55.0,,,
Andhra Pradesh,Y. RAMAVARAM,BODDUMAMIDI,PANASALAPALAM,11111148891,55.0,,,
Andhra Pradesh,Y. RAMAVARAM,BODDUMAMIDI,MUVVALAQWADA,111111488%3A1,55.0,,,
Andhra Pradesh,Y. RAMAVARAM,BODDUMAMIDI,PUTIAGUNTE,11111148921,55.0,,,
Andhra Pradesh,Y. RAMAVARAM,BODDUMAMIDI,TOTAKURUPALEM,11111148931,55.0,,,
Andhra Pradesh,Y. RAMAVARAM,BODDUMAMIDI,CHAVITTIDIBBALU,11111148941,55.0,,,
Andhra Pradesh,Y. RAMAVARAM,BODDUMAMIDI,DEVARAMADUGULA,11111148951,55.0,,,
Andhra Pradesh,Y. RAMAVARAM,BODDUMAMIDI,GODUGURAI,11111148961,55.0,,,
Andhra Pradesh,Y. RAMAVARAM,BODDUMAMIDI,NUVVUGANTIPALEM,11111148971,55.0,,,
Andhra Pradesh,Y. RAMAVARAM,BODDUMAMIDI,YERRAMREDDYPALEM,11111148981,55.0,,,
Andhra Pradesh,Y. RAMAVARAM,BODDUMAMIDI,MUNASALAPALEM,11111148991,55.0,,,
Andhra Pradesh,Y. RAMAVARAM,BODDUMAMIDI,BODDAPALLI,111111489%3A1,55.0,,,
Andhra Pradesh,Y. RAMAVARAM,BODDUMAMIDI,GANDEMPALLI,11111148%3A11,55.0,,,
Andhra Pradesh,Y. RAMAVARAM,BODDUMAMIDI,KALLEPUGONDI,11116%3A84631,55.0,,,
Andhra Pradesh,Y. RAMAVARAM,BODDUMAMIDI,NAGALOVA,11116%3A84651,55.0,,,
Andhra Pradesh,Y. RAMAVARAM,BODDUMAMIDI,D.MAMIDIVADA,11116%3A84681,78.68,,,
Andhra Pradesh,Y. RAMAVARAM,BODDUMAMIDI,CHAPARAI,11116%3A846%3A1,55.0,,,
Andhra Pradesh,Y. RAMAVARAM,BODDUMAMIDI,SIRIMETLA,11116%3A84881,55.0,,,
Andhra Pradesh,Y. RAMAVARAM,BODDUMAMIDI,BULLOJIPALEM,11116%3A84891,55.0,,,
Andhra Pradesh,Y. RAMAVARAM,BODDUMAMIDI,BURUGUWADU,11116%3A84911,55.0,,,
Andhra Pradesh,Y. RAMAVARAM,BODDUMAMIDI,MANGAMPADU,11117129861,55.0,,,
Andhra Pradesh,Y. RAMAVARAM,BODDUMAMIDI,PULIMETLA,11116%3A84721,55.0,,,
Andhra Pradesh,Y. RAMAVARAM,BODDUMAMIDI,DARALOVA,11116%3A84811,55.0,,,
Andhra Pradesh,Y. RAMAVARAM,BODDUMAMIDI,VETTIGADDA,11116%3A84831,55.0,,,
Andhra Pradesh,Y. RAMAVARAM,BODDUMAMIDI,CHAMAGEDDA,11116%3A84841,55.0,,,
Andhra Pradesh,Y. RAMAVARAM,BODDUMAMIDI,RAMMULAKONDA,11116%3A84851,55.0,,,
Andhra Pradesh,Y. RAMAVARAM,BODDUMAMIDI,KANATALABANDA,11116%3A84861,55.0,,,
Andhra Pradesh,Y. RAMAVARAM,KALIMAMIDI,KALIMAMIDI,11111149411,55.0,,,
Andhra Pradesh,Y. RAMAVARAM,KALIMAMIDI,RAVIGUDEM,11111149261,55.0,,,
Andhra Pradesh,Y. RAMAVARAM,KALIMAMIDI,RATNAMPALEM,111111494%3A1,55.0,,,
Andhra Pradesh,Y. RAMAVARAM,KALIMAMIDI,BANDAKONDA,11111149611,55.0,,,
Andhra Pradesh,Y. RAMAVARAM,KALIMAMIDI,LACHIREDDYPALAM,11111149621,60.0,,,
Andhra Pradesh,Y. RAMAVARAM,KALIMAMIDI,Annampalem,11117659271,55.0,,,
Andhra Pradesh,Y. RAMAVARAM,KALIMAMIDI,PENIKALA PADU,11117145981,55.0,,,
Andhra Pradesh,Y. RAMAVARAM,KALIMAMIDI,SATHIPALLI,11111149271,55.0,,,
Andhra Pradesh,Y. RAMAVARAM,KALIMAMIDI,JALLURU,11111149291,55.0,,,
Andhra Pradesh,Y. RAMAVARAM,KALIMAMIDI,VEDURUNAGARAM,1111714%3A131,55.0,,,
Andhra Pradesh,Y. RAMAVARAM,KALIMAMIDI,TUNGAMADUGULA,11111149491,55.0,,,
Andhra Pradesh,Y. RAMAVARAM,KALIMAMIDI,CHINAMUNAKANAGEDDA,11117145931,55.0,,,
Andhra Pradesh,Y. RAMAVARAM,KALIMAMIDI,VEDULLA KONDA,11111149231,55.0,,,
Andhra Pradesh,Y. RAMAVARAM,KALIMAMIDI,G.V. PALEM,11117136471,55.0,,,
Andhra Pradesh,Y. RAMAVARAM,KALIMAMIDI,ADDATEEGALA,11111149651,55.0,,,
Andhra Pradesh,Y. RAMAVARAM,KALIMAMIDI,DUPPALA PALEM,11117145941,55.0,,,
Andhra Pradesh,Y. RAMAVARAM,KALIMAMIDI,MATLAPADU,11111149831,55.0,,,
Andhra Pradesh,Y. RAMAVARAM,KALIMAMIDI,KIMMURU,11117149%3A51,55.0,,,
Andhra Pradesh,Y. RAMAVARAM,KALIMAMIDI,PULIGOGULAPADU,11111149881,55.0,,,
Andhra Pradesh,Y. RAMAVARAM,KALIMAMIDI,PANASA LODDI,11111149531,55.0,,,
Andhra Pradesh,Y. RAMAVARAM,KALIMAMIDI,YELLAVARAM,11111149761,55.0,,,
Andhra Pradesh,Y. RAMAVARAM,KALIMAMIDI,SOMANNA PALEM,11111149421,55.0,,,
Andhra Pradesh,Y. RAMAVARAM,KALIMAMIDI,D.KOTHURU,11111149441,55.0,,,
Andhra Pradesh,Y. RAMAVARAM,KALIMAMIDI,D.RAMAVARAM,11111149451,55.0,,,
Andhra Pradesh,Y. RAMAVARAM,KALIMAMIDI,VUTLA PALEM,11111149461,55.0,,,
Andhra Pradesh,Y. RAMAVARAM,KALIMAMIDI,ANUKULAPALEM,11111149481,55.0,,,
Andhra Pradesh,Y. RAMAVARAM,KALIMAMIDI,CHAPARATHIPALEM,11111149281,55.0,,,
Andhra Pradesh,Y. RAMAVARAM,KALIMAMIDI,TIYYAMAMIDI,111111492%3A1,55.0,,,
Andhra Pradesh,Y. RAMAVARAM,KALIMAMIDI,MAMIDIPALEM,11111149341,55.0,,,
Andhra Pradesh,Y. RAMAVARAM,KALIMAMIDI,NUKARAI,11111149351,55.0,,,
Andhra Pradesh,Y. RAMAVARAM,KALIMAMIDI,D.BHEEMVARAM,11111149361,55.0,,,
Andhra Pradesh,Y. RAMAVARAM,KALIMAMIDI,NIMMALAPALEM,11111149371,55.0,,,
Andhra Pradesh,Y. RAMAVARAM,KALIMAMIDI,MALLAVARAM MAMILLU,11111149381,55.0,,,
Andhra Pradesh,Y. RAMAVARAM,KALIMAMIDI,KOVELAPALEM,11111149391,55.0,,,
Andhra Pradesh,Y. RAMAVARAM,KALIMAMIDI,ULIGOGULA,111111493%3A1,55.0,,,
Andhra Pradesh,Y. RAMAVARAM,KALIMAMIDI,CHIKKAPUGADDA,11111148%3A21,55.0,,,
Andhra Pradesh,Y. RAMAVARAM,KALIMAMIDI,SITARAM,11111148%3A31,55.0,,,
Andhra Pradesh,Y. RAMAVARAM,KALIMAMIDI,DABBAPALEM,11111148%3A41,55.0,,,
Andhra Pradesh,Y. RAMAVARAM,KALIMAMIDI,CHAKIRAVULA,11111148%3A51,55.0,,,
Andhra Pradesh,Y. RAMAVARAM,KALIMAMIDI,MAKAVARAM,11111148%3A61,55.0,,,
Andhra Pradesh,Y. RAMAVARAM,KALIMAMIDI,VEERAVARAM,11111148%3A71,55.0,,,
Andhra Pradesh,Y. RAMAVARAM,KALIMAMIDI,ROLLAGEDDA,11111148%3A81,55.0,,,
Andhra Pradesh,Y. RAMAVARAM,KALIMAMIDI,D.CHODAVARAM,11111148%3A91,55.0,,,
Andhra Pradesh,Y. RAMAVARAM,KALIMAMIDI,DUTCHERTHI,11111148%3A%3A1,55.0,,,
Andhra Pradesh,Y. RAMAVARAM,KALIMAMIDI,BANDAMAMILLU,11111149111,55.0,,,
Andhra Pradesh,Y. RAMAVARAM,KALIMAMIDI,DAKODU,11111149131,55.0,,,
Andhra Pradesh,Y. RAMAVARAM,KALIMAMIDI,M.BEEMAVARAM,11111149151,55.0,,,
Andhra Pradesh,Y. RAMAVARAM,KALIMAMIDI,POTHULURU,11111149161,55.0,,,
Andhra Pradesh,Y. RAMAVARAM,KALIMAMIDI,TIRUMALAVEDA,11111149171,55.0,,,
Andhra Pradesh,Y. RAMAVARAM,KALIMAMIDI,VANGALAMADUGU,11111149191,55.0,,,
Andhra Pradesh,Y. RAMAVARAM,KALIMAMIDI,CHINAVADISEKARRA,11111149211,55.0,,,
Andhra Pradesh,Y. RAMAVARAM,KALIMAMIDI,RAYAPALLI,11111149221,55.0,,,
Andhra Pradesh,Y. RAMAVARAM,KALIMAMIDI,GONDOLU,11111149771,55.0,,,
Andhra Pradesh,Y. RAMAVARAM,KALIMAMIDI,SARAMPETA,11111149781,55.0,,,
Andhra Pradesh,Y. RAMAVARAM,KALIMAMIDI,KONALOVA,11111149791,55.0,,,
Andhra Pradesh,Y. RAMAVARAM,KALIMAMIDI,VEERABHADRAPURAM,111111497%3A1,55.0,,,
Andhra Pradesh,Y. RAMAVARAM,KALIMAMIDI,BADADAM,11111149821,55.0,,,
Andhra Pradesh,Y. RAMAVARAM,KALIMAMIDI,VETAMAMIDI,11111149631,55.0,,,
Andhra Pradesh,Y. RAMAVARAM,KALIMAMIDI,ANIGERU,11111149641,55.0,,,
Andhra Pradesh,Y. RAMAVARAM,KALIMAMIDI,UPPALAPADU,11111149841,55.0,,,
Andhra Pradesh,Y. RAMAVARAM,KALIMAMIDI,THIMMAPURAM,11111149861,55.0,,,
Andhra Pradesh,Y. RAMAVARAM,KALIMAMIDI,59 KOTHURUPADU,11111149871,55.0,,,
Andhra Pradesh,Y. RAMAVARAM,KALIMAMIDI,69 KOTHURUPADU,11117136491,55.0,,,
Andhra Pradesh,Y. RAMAVARAM,KALIMAMIDI,D.KRISHNAVARAPADU,11117136511,55.0,,,
Andhra Pradesh,Y. RAMAVARAM,KALIMAMIDI,VENKATANAGARAM ,11117136531,55.0,,,
Andhra Pradesh,Y. RAMAVARAM,KALIMAMIDI,DORAMAMIDI,11111149541,55.0,,,
Andhra Pradesh,Y. RAMAVARAM,KALIMAMIDI,LANGAPARTHI,11111149551,55.0,,,
Andhra Pradesh,Y. RAMAVARAM,KALIMAMIDI,GOVERAYYAPET,11111149561,55.0,,,
Andhra Pradesh,Y. RAMAVARAM,KALIMAMIDI,KINAPARTHI,11111149571,55.0,,,
Andhra Pradesh,Y. RAMAVARAM,KALIMAMIDI,PYDI PUTTA,11111149581,55.0,,,
Andhra Pradesh,Y. RAMAVARAM,KALIMAMIDI,MITLAPALEM,11111149591,55.0,,,
Andhra Pradesh,Y. RAMAVARAM,KALIMAMIDI,PANUKURATHIPALEM,111111495%3A1,55.0,,,
Andhra Pradesh,Y. RAMAVARAM,KALIMAMIDI,DOKKAPALAM,11111149661,55.0,,,
Andhra Pradesh,Y. RAMAVARAM,KALIMAMIDI,BHIMUDU PAKALU,11111149671,55.0,,,
Andhra Pradesh,Y. RAMAVARAM,KALIMAMIDI,CH.ADDATEEGALA,11111149681,55.0,,,
Andhra Pradesh,Y. RAMAVARAM,KALIMAMIDI,PINJARI KONDA,11111149691,55.0,,,
Andhra Pradesh,Y. RAMAVARAM,KALIMAMIDI,KOTHAMPALAM,111111496%3A1,55.0,,,
Andhra Pradesh,Y. RAMAVARAM,KALIMAMIDI,BODALANKA,11111149711,55.0,,,
Andhra Pradesh,Y. RAMAVARAM,KALIMAMIDI,VENKATA NAGARAM,11111149721,55.0,,,
Andhra Pradesh,Y. RAMAVARAM,KALIMAMIDI,ACHAYYAPETA,11111149731,55.0,,,
Andhra Pradesh,Y. RAMAVARAM,KALIMAMIDI,DHENYAPALEM,11116%3A84981,55.0,,,
Andhra Pradesh,Y. RAMAVARAM,KALIMAMIDI,YALLAPURAM AT VEERAMPALEM,11116%3A84%3A11,55.0,,,
Andhra Pradesh,Y. RAMAVARAM,KALIMAMIDI,SARAMPATAPADU,11117149%3A61,55.0,,,
Andhra Pradesh,Y. RAMAVARAM,KALIMAMIDI,GADICHINNAMPALEM,11117225811,55.0,,,
Andhra Pradesh,Y. RAMAVARAM,KALIMAMIDI,Darsinuthula,11117659281,55.0,,,
Andhra Pradesh,Y. RAMAVARAM,KALIMAMIDI,JAJIPALEM,11117145961,55.0,,,
Andhra Pradesh,Y. RAMAVARAM,KALIMAMIDI,PEDAMUNKANA GEDDA,11117145971,55.0,,,
Andhra Pradesh,Y. RAMAVARAM,KALIMAMIDI,RAVULAPADU,11117145991,55.0,,,
Andhra Pradesh,Y. RAMAVARAM,KALIMAMIDI,D.AMMAPETA,11117147811,55.0,,,
Andhra Pradesh,Y. RAMAVARAM,KALIMAMIDI,KOTTAMPALEM,11117147821,55.0,,,
Andhra Pradesh,Y. RAMAVARAM,KALIMAMIDI,RAJANAGARAM,11117147831,55.0,,,
Andhra Pradesh,Y. RAMAVARAM,KALIMAMIDI,DODDAVAKA,11117149%3A41,55.0,,,
Andhra Pradesh,Y. RAMAVARAM,KONDALAM PALEM,KONDALAM PALEM,11111152321,55.0,,,
Andhra Pradesh,Y. RAMAVARAM,KONDALAM PALEM,KOTHA RAMAVARAM,11111152361,55.0,,,
Andhra Pradesh,Y. RAMAVARAM,KONDALAM PALEM,SARABAVARAM,11116%3A86321,55.0,,,
Andhra Pradesh,Y. RAMAVARAM,KONDALAM PALEM,RAJAVARAM,11111152311,55.0,,,
Andhra Pradesh,Y. RAMAVARAM,KONDALAM PALEM,KOTHADA,11111152231,55.0,,,
Andhra Pradesh,Y. RAMAVARAM,KONDALAM PALEM,JAGGAM PALEM,11116%3A86991,55.0,,,
Andhra Pradesh,Y. RAMAVARAM,KONDALAM PALEM,SURAMPALEM,11111152241,55.0,,,
Andhra Pradesh,Y. RAMAVARAM,KONDALAM PALEM,NEELAVARAM,11111151941,55.0,,,
Andhra Pradesh,Y. RAMAVARAM,KONDALAM PALEM,JIYYAM PALEM,111111522%3A1,55.0,,,
Andhra Pradesh,Y. RAMAVARAM,KONDALAM PALEM,BARRIMAMIDI,11111151981,55.0,,,
Andhra Pradesh,Y. RAMAVARAM,KONDALAM PALEM,YAMANAPALLI,11111152271,55.0,,,
Andhra Pradesh,Y. RAMAVARAM,KONDALAM PALEM,VEMULOVA,11111152211,55.0,,,
Andhra Pradesh,Y. RAMAVARAM,KONDALAM PALEM,GANGAVARAM,11111152191,55.0,,,
Andhra Pradesh,Y. RAMAVARAM,KONDALAM PALEM,NELLIPUDI,11111152281,55.0,,,
Andhra Pradesh,Y. RAMAVARAM,KONDALAM PALEM,MOHANAPURAM,11111151931,55.0,,,
Andhra Pradesh,Y. RAMAVARAM,KONDALAM PALEM,MARRIPALEM,11117135%3A11,55.0,,,
Andhra Pradesh,Y. RAMAVARAM,KONDALAM PALEM,KOMARAVARAM ,11117135991,55.0,,,
Andhra Pradesh,Y. RAMAVARAM,KONDALAM PALEM,YENDAPALLI,11111151%3A71,55.0,,,
Andhra Pradesh,Y. RAMAVARAM,KONDALAM PALEM,PEDAGARLAPADU,11111151%3A21,55.0,,,
Andhra Pradesh,Y. RAMAVARAM,KONDALAM PALEM,RAJU PETA LODDI,11111152261,55.0,,,
Andhra Pradesh,Y. RAMAVARAM,KONDALAM PALEM,POTANADORAPALEM,11111151961,55.0,,,
Andhra Pradesh,Y. RAMAVARAM,KONDALAM PALEM,E.RAMAVARAM,11111151%3A51,55.0,,,
Andhra Pradesh,Y. RAMAVARAM,KONDALAM PALEM,DONELAPALLI,11111152251,55.0,,,
Andhra Pradesh,Y. RAMAVARAM,KONDALAM PALEM,BAYYANAPALLI,11111152351,55.0,,,
Andhra Pradesh,Y. RAMAVARAM,KONDALAM PALEM,RAMULA DEVI PURAM,11111152411,55.0,,,
Andhra Pradesh,Y. RAMAVARAM,KONDALAM PALEM,PATHA RAMAVARAM,11111152341,55.0,,,
Andhra Pradesh,Y. RAMAVARAM,KONDALAM PALEM,PIDITAMAMIDI,11116%3A86951,55.0,,,
Andhra Pradesh,Y. RAMAVARAM,KONDALAM PALEM,UMMETHA,11116%3A86%3A31,55.0,,,
Andhra Pradesh,Y. RAMAVARAM,KONDALAM PALEM,YELLAPURAM ,11117135%3A21,55.0,,,
Andhra Pradesh,Y. RAMAVARAM,KONDALAM PALEM,OZUBANDA,11111152331,55.0,,,
Andhra Pradesh,Y. RAMAVARAM,KONDALAM PALEM,LODDI PALEM,11111152381,55.0,,,
Andhra Pradesh,Y. RAMAVARAM,KONDALAM PALEM,MOLLERU,11111152391,55.0,,,
Andhra Pradesh,Y. RAMAVARAM,KONDALAM PALEM,B. SIVARAMA PATNAM,111111523%3A1,55.0,,,
Andhra Pradesh,Y. RAMAVARAM,KONDALAM PALEM,KAMAVARAPPADU,11111152291,55.0,,,
Andhra Pradesh,Y. RAMAVARAM,KONDALAM PALEM,PEDA ADDAPALLI,11111151%3A61,55.0,,,
Andhra Pradesh,Y. RAMAVARAM,KONDALAM PALEM,KARAKAPADU,11111151971,55.0,,,
Andhra Pradesh,Y. RAMAVARAM,KONDALAM PALEM,YUYYALAMADUGU,111111521%3A1,55.0,,,
Andhra Pradesh,Y. RAMAVARAM,KONDALAM PALEM,YERRAMPALEM,11111152221,55.0,,,
Andhra Pradesh,Y. RAMAVARAM,KONDALAM PALEM,DORAMAMIDI,11111151%3A31,55.0,,,
Andhra Pradesh,Y. RAMAVARAM,KONDALAM PALEM,CHINNA GARLAPADU,11111151%3A41,55.0,,,
Andhra Pradesh,Y. RAMAVARAM,KONDALAM PALEM,PANDRAPROLU,11111151951,55.0,,,
Andhra Pradesh,Y. RAMAVARAM,KONDALAM PALEM,LAKSHMI PURAM,111111518%3A1,55.0,,,
Andhra Pradesh,Y. RAMAVARAM,KONDALAM PALEM,NUGUMAMIDI,11111151921,55.0,,,
Andhra Pradesh,Y. RAMAVARAM,KONDALAM PALEM,CHINNA ADDAPALLI,11111151%3A81,55.0,,,
Andhra Pradesh,Y. RAMAVARAM,KONDALAM PALEM,ZADERU,11111151%3A91,55.0,,,
Andhra Pradesh,Y. RAMAVARAM,KONDALAM PALEM,KURAMA GONDI,11111151%3A%3A1,55.0,,,
Andhra Pradesh,Y. RAMAVARAM,KONDALAM PALEM,YETIPALLI,11111152111,55.0,,,
Andhra Pradesh,Y. RAMAVARAM,KONDALAM PALEM,CHIDIPALEM,11111152121,55.0,,,
Andhra Pradesh,Y. RAMAVARAM,KONDALAM PALEM,PANDRAPOTTIPALEM,11111152131,55.0,,,
Andhra Pradesh,Y. RAMAVARAM,KONDALAM PALEM,LAKKONDA,11111152141,55.0,,,
Andhra Pradesh,Y. RAMAVARAM,KONDALAM PALEM,GORAGOMMI,11111152151,55.0,,,
Andhra Pradesh,Y. RAMAVARAM,KONDALAM PALEM,KUSUMA RAI,11111152161,55.0,,,
Andhra Pradesh,Y. RAMAVARAM,KONDALAM PALEM,RAJAMPALEM,11111152171,55.0,,,
Andhra Pradesh,Y. RAMAVARAM,KONDALAM PALEM,AMUDALABANDA,11111152181,55.0,,,
,Alluri Sitharama Raju,G.MADUGULA,GADDRAIPALAM,,55.0,Andhra Pradesh,66%3A41,11116%3A66791
,Alluri Sitharama Raju,G.MADUGULA,Y.B.GONDURU,,55.0,Andhra Pradesh,66%3A41,11116%3A66851
,Alluri Sitharama Raju,G.MADUGULA,K.BANDAVEEDHI,,55.0,Andhra Pradesh,66%3A41,11116%3A67991
,Alluri Sitharama Raju,G.MADUGULA,Y.B.GONDURU,,55.0,Andhra Pradesh,66%3A41,11116%3A68331
,Alluri Sitharama Raju,G.MADUGULA,YEGASAMPALU,,55.0,Andhra Pradesh,66%3A41,11116%3A68411
,Alluri Sitharama Raju,G.MADUGULA,BODDAGONDI,,55.0,Andhra Pradesh,66%3A41,11116%3A68461
,Alluri Sitharama Raju,G.MADUGULA,SADANGI,,55.0,Andhra Pradesh,66%3A41,11117623721
,Alluri Sitharama Raju,G.MADUGULA,GURRALAGUMMI,,55.0,Andhra Pradesh,66%3A41,11117627281
,Alluri Sitharama Raju,G.MADUGULA,KOTHAPALLI,,55.0,Andhra Pradesh,66%3A41,11117627751
,Alluri Sitharama Raju,G.MADUGULA,TALABARUSINGI,,55.0,Andhra Pradesh,66%3A41,11117627%3A61
,Alluri Sitharama Raju,G.MADUGULA,TENEBANDALU,,55.0,Andhra Pradesh,66%3A41,11117628451
,Alluri Sitharama Raju,G.MADUGULA,VANTLAMAMIDI -RFV,,55.0,Andhra Pradesh,66%3A41,11117628481
,Alluri Sitharama Raju,G.MADUGULA,SURLAPANUKU,,55.0,Andhra Pradesh,66%3A41,11117628861
,Alluri Sitharama Raju,G.MADUGULA,MOLIKALU,,55.0,Andhra Pradesh,66%3A41,11117628871
,Alluri Sitharama Raju,G.MADUGULA,PINAPOLAM,,55.0,Andhra Pradesh,66%3A41,11117628891
,Alluri Sitharama Raju,G.MADUGULA,VANTHAMPADU,,55.0,Andhra Pradesh,66%3A41,11117628911
,Alluri Sitharama Raju,G.MADUGULA,KINAGARI,,55.0,Andhra Pradesh,66%3A41,11116%3A66%3A51
,Alluri Sitharama Raju,G.MADUGULA,YEDULAGARUVU,,55.0,Andhra Pradesh,66%3A41,11117628391
,Alluri Sitharama Raju,G.MADUGULA,GANUGUROLU,,55.0,Andhra Pradesh,66%3A41,11117627331
,Alluri Sitharama Raju,G.MADUGULA,KUNTAPALLI,,55.0,Andhra Pradesh,66%3A41,11117627361
,Alluri Sitharama Raju,G.MADUGULA,KARRIBANDHA,,55.0,Andhra Pradesh,66%3A41,11117628381
,Alluri Sitharama Raju,G.MADUGULA,THOTALAGONDI,,55.0,Andhra Pradesh,66%3A41,11116%3A67271
,Alluri Sitharama Raju,G.MADUGULA,GUMMADIGONDHI,,55.0,Andhra Pradesh,66%3A41,11117628371
,Alluri Sitharama Raju,G.MADUGULA,POLAMANUGEDDA,,55.0,Andhra Pradesh,66%3A41,11117628471
,Alluri Sitharama Raju,G.MADUGULA,KAGULABANDHA -RFV,,55.0,Andhra Pradesh,66%3A41,11117627391
,Alluri Sitharama Raju,G.MADUGULA,VALLAMAMIDI,,55.0,Andhra Pradesh,66%3A41,11117627%3A11
,Alluri Sitharama Raju,G.MADUGULA,PEDAKANTTAVARAM,,55.0,Andhra Pradesh,66%3A41,11116%3A67281
,Alluri Sitharama Raju,G.MADUGULA,GUNTAPALLI,,55.0,Andhra Pradesh,66%3A41,11116%3A66641
,Alluri Sitharama Raju,G.MADUGULA,PANASAPALLI,,55.0,Andhra Pradesh,66%3A41,11116%3A68451
,Alluri Sitharama Raju,G.MADUGULA,GADIGUNTA,,55.0,Andhra Pradesh,66%3A41,11116%3A68471
,Alluri Sitharama Raju,G.MADUGULA,KOTHAGARUVU -RFV,,55.0,Andhra Pradesh,66%3A41,11117627%3A71
,Alluri Sitharama Raju,G.MADUGULA,KUMMARIGUNTA,,55.0,Andhra Pradesh,66%3A41,11116%3A66671
,Alluri Sitharama Raju,G.MADUGULA,ROLUGUNTA,,55.0,Andhra Pradesh,66%3A41,11117628881
,Alluri Sitharama Raju,G.MADUGULA,YENUGUGONDI,,55.0,Andhra Pradesh,66%3A41,11116%3A67251
,Alluri Sitharama Raju,G.MADUGULA,PACHELI,,55.0,Andhra Pradesh,66%3A41,11116%3A66731
,Alluri Sitharama Raju,G.MADUGULA,MALLIPADU,,55.0,Andhra Pradesh,66%3A41,11116%3A67221
,Alluri Sitharama Raju,G.MADUGULA,VOLIMAMID,,55.0,Andhra Pradesh,66%3A41,111176288%3A1
,Alluri Sitharama Raju,G.MADUGULA,INDUGULA,,55.0,Andhra Pradesh,66%3A41,11117628421
,Alluri Sitharama Raju,G.MADUGULA,BONDAPALLI,,55.0,Andhra Pradesh,66%3A41,11116%3A68271
,Alluri Sitharama Raju,G.MADUGULA,PINAKILTHARU,,55.0,Andhra Pradesh,66%3A41,11116%3A66%3A71
,Alluri Sitharama Raju,G.MADUGULA,SARIA,,55.0,Andhra Pradesh,66%3A41,11116%3A67651
,Alluri Sitharama Raju,G.MADUGULA,DONUMAMIDI,,55.0,Andhra Pradesh,66%3A41,111176279%3A1
,Alluri Sitharama Raju,G.MADUGULA,GORRELAPUTTU,,55.0,Andhra Pradesh,66%3A41,11117628411
,Alluri Sitharama Raju,G.MADUGULA,S.KOTHURU,,55.0,Andhra Pradesh,66%3A41,11116%3A67311
,Alluri Sitharama Raju,G.MADUGULA,CHITTUGUMMI,,55.0,Andhra Pradesh,66%3A41,11116%3A68161
,Alluri Sitharama Raju,G.MADUGULA,VARADAMAMIDI,,55.0,Andhra Pradesh,66%3A41,11116%3A68481
,Alluri Sitharama Raju,G.MADUGULA,VENNELAKOTA,,55.0,Andhra Pradesh,66%3A41,11116%3A67211
,Alluri Sitharama Raju,G.MADUGULA,VANDRANGIPADU,,55.0,Andhra Pradesh,66%3A41,11116%3A67891
,Alluri Sitharama Raju,G.MADUGULA,KILLUPALLI,,55.0,Andhra Pradesh,66%3A41,11116%3A67%3A21
,Alluri Sitharama Raju,G.MADUGULA,VANABHAMPADU,,55.0,Andhra Pradesh,66%3A41,11116%3A67481
,Alluri Sitharama Raju,G.MADUGULA,PEDAJAGEERU,,55.0,Andhra Pradesh,66%3A41,11116%3A68551
,Alluri Sitharama Raju,G.MADUGULA,YESTHALA,,55.0,Andhra Pradesh,66%3A41,11116%3A679%3A1
,Alluri Sitharama Raju,G.MADUGULA,THERLAMAMIDI,,55.0,Andhra Pradesh,66%3A41,11116%3A66971
,Alluri Sitharama Raju,G.MADUGULA,KICHANOLI,,55.0,Andhra Pradesh,66%3A41,11117627961
,Alluri Sitharama Raju,G.MADUGULA,KIMUDUPALLI,,55.0,Andhra Pradesh,66%3A41,11116%3A67191
,Alluri Sitharama Raju,G.MADUGULA,VEERLAMAMIDI,,55.0,Andhra Pradesh,66%3A41,11116%3A66%3A91
,Alluri Sitharama Raju,G.MADUGULA,KRISHNAPURAM,,55.0,Andhra Pradesh,66%3A41,11116%3A66%3A61
,Alluri Sitharama Raju,G.MADUGULA,MANEPALLI,,55.0,Andhra Pradesh,66%3A41,11116%3A678%3A1
,Alluri Sitharama Raju,G.MADUGULA,GONDIPADU,,55.0,Andhra Pradesh,66%3A41,11116%3A67331
,Alluri Sitharama Raju,G.MADUGULA,VANAJANGIPADU,,55.0,Andhra Pradesh,66%3A41,11116%3A67321
,Alluri Sitharama Raju,G.MADUGULA,SANGAMVALASA,,55.0,Andhra Pradesh,66%3A41,11117628161
,Alluri Sitharama Raju,G.MADUGULA,SANGULOYA,,55.0,Andhra Pradesh,66%3A41,11116%3A681%3A1
,Alluri Sitharama Raju,G.MADUGULA,PADMAPURAM,,55.0,Andhra Pradesh,66%3A41,11116%3A67131
,Alluri Sitharama Raju,G.MADUGULA,SUVVAPADU,,55.0,Andhra Pradesh,66%3A41,11116%3A66%3A21
,Alluri Sitharama Raju,G.MADUGULA,CHITTEMPUTTU,,55.0,Andhra Pradesh,66%3A41,11116%3A67%3A%3A1
,Alluri Sitharama Raju,G.MADUGULA,SAKIREVU,,55.0,Andhra Pradesh,66%3A41,11116%3A67371
,Alluri Sitharama Raju,G.MADUGULA,THARTALU,,55.0,Andhra Pradesh,66%3A41,11116%3A67%3A31
,Alluri Sitharama Raju,G.MADUGULA,BUSIPALLI,,55.0,Andhra Pradesh,66%3A41,11116%3A67941
,Alluri Sitharama Raju,G.MADUGULA,ANARBHA,,55.0,Andhra Pradesh,66%3A41,11116%3A67791
,Alluri Sitharama Raju,G.MADUGULA,KOTHURUPADU,,55.0,Andhra Pradesh,66%3A41,11116%3A66%3A%3A1
,Alluri Sitharama Raju,G.MADUGULA,VULLIVARAPADU,,55.0,Andhra Pradesh,66%3A41,11116%3A67111
,Alluri Sitharama Raju,G.MADUGULA,SANKULAMADDI,,55.0,Andhra Pradesh,66%3A41,11116%3A67871
,Alluri Sitharama Raju,G.MADUGULA,SOPALU,,55.0,Andhra Pradesh,66%3A41,11116%3A67%3A51
,Alluri Sitharama Raju,G.MADUGULA,PACHINAPALLI,,55.0,Andhra Pradesh,66%3A41,11116%3A66611
,Alluri Sitharama Raju,G.MADUGULA,MADDIVEEDHI,,55.0,Andhra Pradesh,66%3A41,11116%3A68591
,Alluri Sitharama Raju,G.MADUGULA,PINALOCHILI,,55.0,Andhra Pradesh,66%3A41,11116%3A67411
,Alluri Sitharama Raju,G.MADUGULA,PEDAPINAPALEM,,55.0,Andhra Pradesh,66%3A41,11117627871
,Alluri Sitharama Raju,G.MADUGULA,PORLUBANDHA,,55.0,Andhra Pradesh,66%3A41,111176275%3A1
,Alluri Sitharama Raju,G.MADUGULA,GONDIMELAKA,,55.0,Andhra Pradesh,66%3A41,11116%3A66521
,Alluri Sitharama Raju,G.MADUGULA,PEDAPINAPALEM,,55.0,Andhra Pradesh,66%3A41,11116%3A66581
,Alluri Sitharama Raju,G.MADUGULA,SURITIPALLI,,55.0,Andhra Pradesh,66%3A41,11116%3A68521
,Alluri Sitharama Raju,G.MADUGULA,PITTAGULLU ,,55.0,Andhra Pradesh,66%3A41,11117628191
,Alluri Sitharama Raju,G.MADUGULA,THUMMEDALANEREDU,,55.0,Andhra Pradesh,66%3A41,11116%3A67681
,Alluri Sitharama Raju,G.MADUGULA,RALLAPUTTU,,55.0,Andhra Pradesh,66%3A41,11116%3A665%3A1
,Alluri Sitharama Raju,G.MADUGULA,KUNTHALAM,,55.0,Andhra Pradesh,66%3A41,11117115641
,Alluri Sitharama Raju,G.MADUGULA,PINJAGEERU,,55.0,Andhra Pradesh,66%3A41,11116%3A68431
,Alluri Sitharama Raju,G.MADUGULA,VANDRUGULA,,55.0,Andhra Pradesh,66%3A41,11116%3A68491
,Alluri Sitharama Raju,G.MADUGULA,KUMBIDISINGI,,55.0,Andhra Pradesh,66%3A41,11116%3A66471
,Alluri Sitharama Raju,G.MADUGULA,CHILAKALAPALEM,,55.0,Andhra Pradesh,66%3A41,11116%3A67961
,Alluri Sitharama Raju,G.MADUGULA,TOKARAI,,55.0,Andhra Pradesh,66%3A41,11116%3A66871
,Alluri Sitharama Raju,G.MADUGULA,VANUKURU,,55.0,Andhra Pradesh,66%3A41,11117628171
,Alluri Sitharama Raju,G.MADUGULA,GERRAI -RFV,,55.0,Andhra Pradesh,66%3A41,11117627%3A21
,Alluri Sitharama Raju,G.MADUGULA,JARRAI,,55.0,Andhra Pradesh,66%3A41,11116%3A66681
,Alluri Sitharama Raju,G.MADUGULA,CHILAKAPANASA,,55.0,Andhra Pradesh,66%3A41,11116%3A67851
,Alluri Sitharama Raju,G.MADUGULA,MANDIBA,,55.0,Andhra Pradesh,66%3A41,11116%3A67%3A61
,Alluri Sitharama Raju,G.MADUGULA,GENJIGEDDA,,55.0,Andhra Pradesh,66%3A41,11116%3A66571
,Alluri Sitharama Raju,G.MADUGULA,DEGALARAI,,55.0,Andhra Pradesh,66%3A41,11116%3A67291
,Alluri Sitharama Raju,G.MADUGULA,MITTALAPADU,,55.0,Andhra Pradesh,66%3A41,11116%3A66751
,Alluri Sitharama Raju,G.MADUGULA,GOYYIGUNTA,,55.0,Andhra Pradesh,66%3A41,11116%3A67161
,Alluri Sitharama Raju,G.MADUGULA,PEDALOCHILI,,55.0,Andhra Pradesh,66%3A41,11116%3A673%3A1
,Alluri Sitharama Raju,G.MADUGULA,DIPPALAGONDI,,55.0,Andhra Pradesh,66%3A41,11116%3A68541
,Alluri Sitharama Raju,G.MADUGULA,BARISINGI,,55.0,Andhra Pradesh,66%3A41,11116%3A66591
,Alluri Sitharama Raju,G.MADUGULA,DEGALAPALEM RFV,,55.0,Andhra Pradesh,66%3A41,11117627551
,Alluri Sitharama Raju,G.MADUGULA,DARLAMGONDI,,55.0,Andhra Pradesh,66%3A41,11116%3A68421
,Alluri Sitharama Raju,G.MADUGULA,PEDALUVVASINGI,,55.0,Andhra Pradesh,66%3A41,11116%3A68231
,Alluri Sitharama Raju,G.MADUGULA,JALAMPUTTU,,55.0,Andhra Pradesh,66%3A41,11117115751
,Alluri Sitharama Raju,G.MADUGULA,VAYYAMPALLI,,55.0,Andhra Pradesh,66%3A41,11117115121
,Alluri Sitharama Raju,G.MADUGULA,BONDAGONDI,,55.0,Andhra Pradesh,66%3A41,11116%3A67441
,Alluri Sitharama Raju,G.MADUGULA,NURMATHI,,55.0,Andhra Pradesh,66%3A41,11116%3A684%3A1
,Alluri Sitharama Raju,G.MADUGULA,KARAKAPALLI,,55.0,Andhra Pradesh,66%3A41,11116%3A68291
,Alluri Sitharama Raju,G.MADUGULA,GOMPAM,,55.0,Andhra Pradesh,66%3A41,11116%3A66461
,Alluri Sitharama Raju,G.MADUGULA,ULLIKALABHANDHA,,55.0,Andhra Pradesh,66%3A41,11117627571
,Alluri Sitharama Raju,G.MADUGULA,VAKAPALLI,,55.0,Andhra Pradesh,66%3A41,11116%3A68511
,Alluri Sitharama Raju,G.MADUGULA,PORLU,,55.0,Andhra Pradesh,66%3A41,11116%3A66691
,Alluri Sitharama Raju,G.MADUGULA,VANCHEBU,,55.0,Andhra Pradesh,66%3A41,11116%3A68261
,Alluri Sitharama Raju,G.MADUGULA,VALASAMAMIDI,,55.0,Andhra Pradesh,66%3A41,11116%3A68181
,Alluri Sitharama Raju,G.MADUGULA,KOKKIRAPALLI,,55.0,Andhra Pradesh,66%3A41,11116%3A674%3A1
,Alluri Sitharama Raju,G.MADUGULA,ARAGADAPALLI,,55.0,Andhra Pradesh,66%3A41,11116%3A68621
,Alluri Sitharama Raju,G.MADUGULA,A.BANDAVEEDHI,,55.0,Andhra Pradesh,66%3A41,11116%3A67541
,Alluri Sitharama Raju,G.MADUGULA,SOLABHAM,,55.0,Andhra Pradesh,66%3A41,11116%3A672%3A1
,Alluri Sitharama Raju,G.MADUGULA,YEGARTHACHAPALLI,,55.0,Andhra Pradesh,66%3A41,11116%3A67361
,Alluri Sitharama Raju,G.MADUGULA,KULAPADU,,55.0,Andhra Pradesh,66%3A41,11116%3A66931
,Alluri Sitharama Raju,G.MADUGULA,BARSINGIMETTA,,55.0,Andhra Pradesh,66%3A41,11116%3A664%3A1
,Alluri Sitharama Raju,G.MADUGULA,CHINTAKOTA,,55.0,Andhra Pradesh,66%3A41,111176273%3A1
,Alluri Sitharama Raju,G.MADUGULA,JAMULAVEEDHI,,55.0,Andhra Pradesh,66%3A41,11116%3A68241
,Alluri Sitharama Raju,G.MADUGULA,DEVARAPALLI,,55.0,Andhra Pradesh,66%3A41,11116%3A671%3A1
,Alluri Sitharama Raju,G.MADUGULA,MARRIPALEM,,55.0,Andhra Pradesh,66%3A41,11116%3A67151
,Alluri Sitharama Raju,G.MADUGULA,GALIPADU,,55.0,Andhra Pradesh,66%3A41,11116%3A669%3A1
,Alluri Sitharama Raju,G.MADUGULA,UDAPALEM,,55.0,Andhra Pradesh,66%3A41,11116%3A66761
,Alluri Sitharama Raju,G.MADUGULA,JENNERA,,55.0,Andhra Pradesh,66%3A41,11116%3A675%3A1
,Alluri Sitharama Raju,G.MADUGULA,BOITHALA,,55.0,Andhra Pradesh,66%3A41,11116%3A68131
,Alluri Sitharama Raju,G.MADUGULA,KILLAMKOTA,,55.0,Andhra Pradesh,66%3A41,11116%3A67%3A11
,Alluri Sitharama Raju,G.MADUGULA,VENNELA,,55.0,Andhra Pradesh,66%3A41,11116%3A66411
,Alluri Sitharama Raju,G.MADUGULA,K.G.MADUGULA,,55.0,Andhra Pradesh,66%3A41,11116%3A68351
,Alluri Sitharama Raju,G.MADUGULA,BALAMUNUSANKA,,55.0,Andhra Pradesh,66%3A41,11116%3A66951
,Alluri Sitharama Raju,G.MADUGULA,GANGADEVIGUDI,,55.0,Andhra Pradesh,66%3A41,11116%3A66551
,Alluri Sitharama Raju,G.MADUGULA,MADDULABANDA,,55.0,Andhra Pradesh,66%3A41,11116%3A66941
,Alluri Sitharama Raju,G.MADUGULA,PALAMAMIDI,,55.0,Andhra Pradesh,66%3A41,11116%3A67531
,Alluri Sitharama Raju,G.MADUGULA,VANJARI,,55.0,Andhra Pradesh,66%3A41,11116%3A66%3A81
,Alluri Sitharama Raju,G.MADUGULA,SADEKU,,55.0,Andhra Pradesh,66%3A41,11116%3A682%3A1
,Alluri Sitharama Raju,G.MADUGULA,GADUTHURU,,55.0,Andhra Pradesh,66%3A41,11116%3A66541
,Alluri Sitharama Raju,G.MADUGULA,GODDA,,55.0,Andhra Pradesh,66%3A41,11116%3A66561
,Alluri Sitharama Raju,G.MADUGULA,BANGARUBUDI,,55.0,Andhra Pradesh,66%3A41,11116%3A66421
,Alluri Sitharama Raju,G.MADUGULA,ANDENGISINGI,,55.0,Andhra Pradesh,66%3A41,11116%3A66431
,Alluri Sitharama Raju,G.MADUGULA,BOBBANGIPADU,,55.0,Andhra Pradesh,66%3A41,11116%3A66441
,Alluri Sitharama Raju,G.MADUGULA,URLAMETTA,,55.0,Andhra Pradesh,66%3A41,11116%3A66451
,Alluri Sitharama Raju,G.MADUGULA,GEDDARAI,,55.0,Andhra Pradesh,66%3A41,11116%3A66511
,Alluri Sitharama Raju,G.MADUGULA,CHINAPINAPALEM,,55.0,Andhra Pradesh,66%3A41,11116%3A66481
,Alluri Sitharama Raju,G.MADUGULA,GURRAI,,55.0,Andhra Pradesh,66%3A41,11116%3A66491
,Alluri Sitharama Raju,G.MADUGULA,VANNEVADA,,55.0,Andhra Pradesh,66%3A41,11116%3A66741
,Alluri Sitharama Raju,G.MADUGULA,KUNETI,,55.0,Andhra Pradesh,66%3A41,11116%3A667%3A1
,Alluri Sitharama Raju,G.MADUGULA,SANGAMBANDA,,55.0,Andhra Pradesh,66%3A41,11116%3A66811
,Alluri Sitharama Raju,G.MADUGULA,GEMMELI,,55.0,Andhra Pradesh,66%3A41,11116%3A66821
,Alluri Sitharama Raju,G.MADUGULA,SAMPANGIPUTTU,,55.0,Andhra Pradesh,66%3A41,11116%3A66831
,Alluri Sitharama Raju,G.MADUGULA,RAMACHANDRAPALEM,,55.0,Andhra Pradesh,66%3A41,11116%3A66841
,Alluri Sitharama Raju,G.MADUGULA,KARJAPALLI,,55.0,Andhra Pradesh,66%3A41,11116%3A666%3A1
,Alluri Sitharama Raju,G.MADUGULA,POTTIDIGONDI,,55.0,Andhra Pradesh,66%3A41,11116%3A66711
,Alluri Sitharama Raju,G.MADUGULA,VANTHALA,,55.0,Andhra Pradesh,66%3A41,11116%3A66721
,Alluri Sitharama Raju,G.MADUGULA,MAGATHAPOLAM,,55.0,Andhra Pradesh,66%3A41,11116%3A66621
,Alluri Sitharama Raju,G.MADUGULA,LAKKAPADU,,55.0,Andhra Pradesh,66%3A41,11116%3A66651
,Alluri Sitharama Raju,G.MADUGULA,RACHAPANUKU,,55.0,Andhra Pradesh,66%3A41,11116%3A66661
,Alluri Sitharama Raju,G.MADUGULA,BUSIPALLI,,55.0,Andhra Pradesh,66%3A41,11116%3A67121
,Alluri Sitharama Raju,G.MADUGULA,BALIJIPETA,,55.0,Andhra Pradesh,66%3A41,11116%3A67171
,Alluri Sitharama Raju,G.MADUGULA,GEDALABANDA,,55.0,Andhra Pradesh,66%3A41,11116%3A67181
,Alluri Sitharama Raju,G.MADUGULA,KUDDANGI,,11.15,Andhra Pradesh,66%3A41,11116%3A67231
,Alluri Sitharama Raju,G.MADUGULA,GALAGONDA,,55.0,Andhra Pradesh,66%3A41,11116%3A67241
,Alluri Sitharama Raju,G.MADUGULA,PEDAKOTHURU,,55.0,Andhra Pradesh,66%3A41,11116%3A66861
,Alluri Sitharama Raju,G.MADUGULA,CHEMAKURAPALEM,,55.0,Andhra Pradesh,66%3A41,11116%3A66881
,Alluri Sitharama Raju,G.MADUGULA,BORRAMAMIDI,,55.0,Andhra Pradesh,66%3A41,11116%3A668%3A1
,Alluri Sitharama Raju,G.MADUGULA,LUVVAPALLI,,55.0,Andhra Pradesh,66%3A41,11116%3A66911
,Alluri Sitharama Raju,G.MADUGULA,VARIGELAPALEM,,55.0,Andhra Pradesh,66%3A41,11116%3A66921
,Alluri Sitharama Raju,G.MADUGULA,MULAKAYAPUTTU,,55.0,Andhra Pradesh,66%3A41,11116%3A66991
,Alluri Sitharama Raju,G.MADUGULA,KORRAPADU,,55.0,Andhra Pradesh,66%3A41,11116%3A66%3A11
,Alluri Sitharama Raju,G.MADUGULA,KURIDEELU,,55.0,Andhra Pradesh,66%3A41,11116%3A67971
,Alluri Sitharama Raju,G.MADUGULA,ALAGAM,,55.0,Andhra Pradesh,66%3A41,11116%3A67981
,Alluri Sitharama Raju,G.MADUGULA,PORLUGUNTA,,55.0,Andhra Pradesh,66%3A41,11116%3A67%3A71
,Alluri Sitharama Raju,G.MADUGULA,YERRAGOPPU,,55.0,Andhra Pradesh,66%3A41,11116%3A67%3A81
,Alluri Sitharama Raju,G.MADUGULA,DIGARAPALLI,,55.0,Andhra Pradesh,66%3A41,11116%3A67%3A91
,Alluri Sitharama Raju,G.MADUGULA,SURTIPALLI,,55.0,Andhra Pradesh,66%3A41,11116%3A67881
,Alluri Sitharama Raju,G.MADUGULA,KODIMAMIDI,,55.0,Andhra Pradesh,66%3A41,11116%3A67951
,Alluri Sitharama Raju,G.MADUGULA,ROYYALAGEDDA,,55.0,Andhra Pradesh,66%3A41,11116%3A67911
,Alluri Sitharama Raju,G.MADUGULA,KAPPALU,,55.0,Andhra Pradesh,66%3A41,11116%3A67921
,Alluri Sitharama Raju,G.MADUGULA,SUBBULU,,55.0,Andhra Pradesh,66%3A41,11116%3A67931
,Alluri Sitharama Raju,G.MADUGULA,GARISINGI,,55.0,Andhra Pradesh,66%3A41,11116%3A67861
,Alluri Sitharama Raju,G.MADUGULA,BHARAM,,55.0,Andhra Pradesh,66%3A41,11116%3A67661
,Alluri Sitharama Raju,G.MADUGULA,M.NITTAPUTTU,,55.0,Andhra Pradesh,66%3A41,11116%3A67671
,Alluri Sitharama Raju,G.MADUGULA,G.NITTAPUTTU,,55.0,Andhra Pradesh,66%3A41,11116%3A677%3A1
,Alluri Sitharama Raju,G.MADUGULA,BHEERAM,,55.0,Andhra Pradesh,66%3A41,11116%3A67811
,Alluri Sitharama Raju,G.MADUGULA,MANDIVANAM,,55.0,Andhra Pradesh,66%3A41,11116%3A67821
,Alluri Sitharama Raju,G.MADUGULA,NUGUMAMIDI,,55.0,Andhra Pradesh,66%3A41,11116%3A67831
,Alluri Sitharama Raju,G.MADUGULA,KARNIKALANKA,,55.0,Andhra Pradesh,66%3A41,11116%3A67691
,Alluri Sitharama Raju,G.MADUGULA,V.KODAPALLI,,55.0,Andhra Pradesh,66%3A41,11116%3A676%3A1
,Alluri Sitharama Raju,G.MADUGULA,BURUGUVEEDHI,,55.0,Andhra Pradesh,66%3A41,11116%3A67721
,Alluri Sitharama Raju,G.MADUGULA,AGAMPADU,,55.0,Andhra Pradesh,66%3A41,11116%3A67741
,Alluri Sitharama Raju,G.MADUGULA,VANNELABHA,,55.0,Andhra Pradesh,66%3A41,11116%3A67751
,Alluri Sitharama Raju,G.MADUGULA,THADIVEEDHI,,55.0,Andhra Pradesh,66%3A41,11116%3A67761
,Alluri Sitharama Raju,G.MADUGULA,UBALAGARUVU,,55.0,Andhra Pradesh,66%3A41,11116%3A67771
,Alluri Sitharama Raju,G.MADUGULA,CHEPPALI,,55.0,Andhra Pradesh,66%3A41,11116%3A67781
,Alluri Sitharama Raju,G.MADUGULA,SINGARBHA,,55.0,Andhra Pradesh,66%3A41,11116%3A67611
,Alluri Sitharama Raju,G.MADUGULA,K.KODAPALLI,,55.0,Andhra Pradesh,66%3A41,11116%3A67621
,Alluri Sitharama Raju,G.MADUGULA,RACHAPALLI,,55.0,Andhra Pradesh,66%3A41,11116%3A67631
,Alluri Sitharama Raju,G.MADUGULA,ROLANGIPUTTU,,55.0,Andhra Pradesh,66%3A41,11116%3A67641
,Alluri Sitharama Raju,G.MADUGULA,GANNERUPUTTU,,55.0,Andhra Pradesh,66%3A41,11116%3A67551
,Alluri Sitharama Raju,G.MADUGULA,BANDAVEEDHI,,55.0,Andhra Pradesh,66%3A41,11116%3A67561
,Alluri Sitharama Raju,G.MADUGULA,SANGAM,,55.0,Andhra Pradesh,66%3A41,11116%3A67571
,Alluri Sitharama Raju,G.MADUGULA,MATYAPURAM,,55.0,Andhra Pradesh,66%3A41,11116%3A67581
,Alluri Sitharama Raju,G.MADUGULA,GODDUBUSULU,,55.0,Andhra Pradesh,66%3A41,11116%3A67591
,Alluri Sitharama Raju,G.MADUGULA,LAKKULU,,55.0,Andhra Pradesh,66%3A41,11116%3A67511
,Alluri Sitharama Raju,G.MADUGULA,CHEEKUMBANDA,,55.0,Andhra Pradesh,66%3A41,11116%3A67491
,Alluri Sitharama Raju,G.MADUGULA,CHITTEMPADU,,55.0,Andhra Pradesh,66%3A41,11116%3A67451
,Alluri Sitharama Raju,G.MADUGULA,VALLANGULA,,55.0,Andhra Pradesh,66%3A41,11116%3A67461
,Alluri Sitharama Raju,G.MADUGULA,YEDUCHAVALLU,,55.0,Andhra Pradesh,66%3A41,11116%3A67471
,Alluri Sitharama Raju,G.MADUGULA,PEDAPADU,,55.0,Andhra Pradesh,66%3A41,11116%3A67421
,Alluri Sitharama Raju,G.MADUGULA,GODUGUMAMIDI,,55.0,Andhra Pradesh,66%3A41,11116%3A67391
,Alluri Sitharama Raju,G.MADUGULA,MADURAMAMIDI,,55.0,Andhra Pradesh,66%3A41,11116%3A67341
,Alluri Sitharama Raju,G.MADUGULA,REEMALI,,55.0,Andhra Pradesh,66%3A41,11116%3A67351
,Alluri Sitharama Raju,G.MADUGULA,VATTIGISA,,55.0,Andhra Pradesh,66%3A41,11116%3A67261
,Alluri Sitharama Raju,G.MADUGULA,P.G.MADUGULA,,55.0,Andhra Pradesh,66%3A41,11116%3A68311
,Alluri Sitharama Raju,G.MADUGULA,JOGULAPUTTU,,55.0,Andhra Pradesh,66%3A41,11116%3A68321
,Alluri Sitharama Raju,G.MADUGULA,PEDAURUMU,,55.0,Andhra Pradesh,66%3A41,11116%3A68361
,Alluri Sitharama Raju,G.MADUGULA,CHINAURUMU,,55.0,Andhra Pradesh,66%3A41,11116%3A68371
,Alluri Sitharama Raju,G.MADUGULA,PEDALANKA,,80.56,Andhra Pradesh,66%3A41,11116%3A68381
,Alluri Sitharama Raju,G.MADUGULA,BONGUJANGU,,55.0,Andhra Pradesh,66%3A41,11116%3A68391
,Alluri Sitharama Raju,G.MADUGULA,G.M.KOTHURU,,55.0,Andhra Pradesh,66%3A41,11116%3A68341
,Alluri Sitharama Raju,G.MADUGULA,SIRLABANDA,,55.0,Andhra Pradesh,66%3A41,11116%3A68251
,Alluri Sitharama Raju,G.MADUGULA,BUSULAKOTA,,55.0,Andhra Pradesh,66%3A41,11116%3A68191
,Alluri Sitharama Raju,G.MADUGULA,SURIMETTA,,55.0,Andhra Pradesh,66%3A41,11116%3A68211
,Alluri Sitharama Raju,G.MADUGULA,THARABUSINGI,,55.0,Andhra Pradesh,66%3A41,11116%3A68221
,Alluri Sitharama Raju,G.MADUGULA,PINALUVVASINGI,,55.0,Andhra Pradesh,66%3A41,11116%3A68141
,Alluri Sitharama Raju,G.MADUGULA,MADDIGARUVU,,55.0,Andhra Pradesh,66%3A41,11116%3A68151
,Alluri Sitharama Raju,G.MADUGULA,PULUSUMAMIDI,,55.0,Andhra Pradesh,66%3A41,11116%3A68171
,Alluri Sitharama Raju,G.MADUGULA,VALASAPANASA,,55.0,Andhra Pradesh,66%3A41,11116%3A67%3A41
,Alluri Sitharama Raju,G.MADUGULA,YEGARAPALLI,,55.0,Andhra Pradesh,66%3A41,11116%3A68111
,Alluri Sitharama Raju,G.MADUGULA,THEEYAGUNDAM,,55.0,Andhra Pradesh,66%3A41,11116%3A68121
,Alluri Sitharama Raju,G.MADUGULA,GURADOLU,,55.0,Andhra Pradesh,66%3A41,11117627541
,Alluri Sitharama Raju,G.MADUGULA,MANDUKOTA RFV,,64.81,Andhra Pradesh,66%3A41,11117627611
,Alluri Sitharama Raju,G.MADUGULA,PEDAVALASA -RFV,,55.0,Andhra Pradesh,66%3A41,11117627941
,Alluri Sitharama Raju,G.MADUGULA,BUTTAKOTA,,55.0,Andhra Pradesh,66%3A41,11117627791
,Alluri Sitharama Raju,G.MADUGULA,RUDIBAYULU,,55.0,Andhra Pradesh,66%3A41,11116%3A68631
,Alluri Sitharama Raju,G.MADUGULA,KANDULAGADE,,55.0,Andhra Pradesh,66%3A41,111171142%3A1
,Alluri Sitharama Raju,G.MADUGULA,THATIPALEM,,55.0,Andhra Pradesh,66%3A41,11117114461
,Alluri Sitharama Raju,G.MADUGULA,BUSIPALLI,,55.0,Andhra Pradesh,66%3A41,11117114561
,Alluri Sitharama Raju,G.MADUGULA,KOTHAPALLI,,55.0,Andhra Pradesh,66%3A41,1111713%3A161
,Alluri Sitharama Raju,G.MADUGULA,GANNELBA,,55.0,Andhra Pradesh,66%3A41,11116%3A685%3A1
,Alluri Sitharama Raju,G.MADUGULA,PALAKONDA,,55.0,Andhra Pradesh,66%3A41,11116%3A68611
,Alluri Sitharama Raju,G.MADUGULA,KITUMULU,,55.0,Andhra Pradesh,66%3A41,11116%3A68561
,Alluri Sitharama Raju,G.MADUGULA,KORAPALLI,,55.0,Andhra Pradesh,66%3A41,11116%3A68571
,Alluri Sitharama Raju,G.MADUGULA,VANTLAMAMIDI,,55.0,Andhra Pradesh,66%3A41,11116%3A68441
,Alluri Sitharama Raju,G.MADUGULA,THAGGIMETTA,,55.0,Andhra Pradesh,66%3A41,11116%3A68531
,Alluri Sitharama Raju,G.MADUGULA,SIRSAPALLI,,55.0,Andhra Pradesh,66%3A41,11117628181
,Alluri Sitharama Raju,G.MADUGULA,GUMMAVEEDHI,,55.0,Andhra Pradesh,66%3A41,111176281%3A1
,Alluri Sitharama Raju,G.MADUGULA,CHINTALAGONDHI,,55.0,Andhra Pradesh,66%3A41,11117628211
,Alluri Sitharama Raju,G.MADUGULA,SINGARBHAGONDI,,55.0,Andhra Pradesh,66%3A41,11117628361
,Alluri Sitharama Raju,G.MADUGULA,CHNTHALURU,,55.0,Andhra Pradesh,66%3A41,11117628431
,Alluri Sitharama Raju,G.MADUGULA,THOKAMAMIDI,,55.0,Andhra Pradesh,66%3A41,11117628461
,Alluri Sitharama Raju,G.MADUGULA,PEESUMAMIDI,,55.0,Andhra Pradesh,66%3A41,11117628511
,Alluri Sitharama Raju,KOYYURU,PALAMAMIDI,,55.0,Andhra Pradesh,67121,11116%3A68831
,Alluri Sitharama Raju,KOYYURU,DORAGADDA,,55.0,Andhra Pradesh,67121,11116%3A68841
,Alluri Sitharama Raju,KOYYURU,SARAMANDA,,55.0,Andhra Pradesh,67121,11116%3A68961
,Alluri Sitharama Raju,KOYYURU,TENKALA PANUKULU,,55.0,Andhra Pradesh,67121,11116%3A69391
,Alluri Sitharama Raju,KOYYURU,LUSAM,,55.0,Andhra Pradesh,67121,11116%3A696%3A1
,Alluri Sitharama Raju,KOYYURU,ULLIGUNTA,,55.0,Andhra Pradesh,67121,11116%3A69711
,Alluri Sitharama Raju,KOYYURU,BALABADRAPADU,,55.0,Andhra Pradesh,67121,11116%3A69681
,Alluri Sitharama Raju,KOYYURU,RAVULAKOTA,,55.0,Andhra Pradesh,67121,11116%3A69751
,Alluri Sitharama Raju,KOYYURU,PIDUGURAI,,55.0,Andhra Pradesh,67121,11116%3A69911
,Alluri Sitharama Raju,KOYYURU,PEDALANKA KOTHURU,,55.0,Andhra Pradesh,67121,11116%3A69811
,Alluri Sitharama Raju,KOYYURU,BUDARALLA KOTHURU,,55.0,Andhra Pradesh,67121,11116%3A69991
,Alluri Sitharama Raju,KOYYURU,KOMMUNURU,,55.0,Andhra Pradesh,67121,11116%3A69881
,Alluri Sitharama Raju,KOYYURU,PUTTAKOTA,,55.0,Andhra Pradesh,67121,11116%3A69841
,Alluri Sitharama Raju,KOYYURU,Y.M.SINGHADARA,,55.0,Andhra Pradesh,67121,11116%3A69381
,Alluri Sitharama Raju,KOYYURU,KOMARLA,,55.0,Andhra Pradesh,67121,111171838%3A1
,Alluri Sitharama Raju,KOYYURU,GARIMANDA,,55.0,Andhra Pradesh,67121,11116%3A69951
,Alluri Sitharama Raju,KOYYURU,SEEKAYIPALEM,,55.0,Andhra Pradesh,67121,11116%3A68951
,Alluri Sitharama Raju,KOYYURU,LINGAPURAM,,55.0,Andhra Pradesh,67121,11116%3A686%3A1
,Alluri Sitharama Raju,KOYYURU,KOTHAPALEM,,55.0,Andhra Pradesh,67121,11116%3A68921
,Alluri Sitharama Raju,KOYYURU,PALAKAJEEDI,,55.0,Andhra Pradesh,67121,11116%3A69741
,Alluri Sitharama Raju,KOYYURU,JERRIGONDI,,55.0,Andhra Pradesh,67121,11116%3A69771
,Alluri Sitharama Raju,KOYYURU,MATTAM BHIMAVARAM,,55.0,Andhra Pradesh,67121,11116%3A69961
,Alluri Sitharama Raju,KOYYURU,KOTHAPALLI,,55.0,Andhra Pradesh,67121,11117226531
,Alluri Sitharama Raju,KOYYURU,MARRIPAKALU,,55.0,Andhra Pradesh,67121,11116%3A69761
,Alluri Sitharama Raju,KOYYURU,KUNUKURU,,55.0,Andhra Pradesh,67121,11116%3A69861
,Alluri Sitharama Raju,KOYYURU,SAKULAPALEM,,55.0,Andhra Pradesh,67121,11116%3A69781
,Alluri Sitharama Raju,KOYYURU,DIBBALAPALEM,,55.0,Andhra Pradesh,67121,11116%3A69551
,Alluri Sitharama Raju,KOYYURU,SUDDALAPALEM,,55.0,Andhra Pradesh,67121,11116%3A68891
,Alluri Sitharama Raju,KOYYURU,RAMAPURAM,,55.0,Andhra Pradesh,67121,11116%3A68731
,Alluri Sitharama Raju,KOYYURU,GUMMALAPALEM,,55.0,Andhra Pradesh,67121,11116%3A69311
,Alluri Sitharama Raju,KOYYURU,VALASARAJUPADU,,55.0,Andhra Pradesh,67121,11116%3A69121
,Alluri Sitharama Raju,KOYYURU,CHEEDIKOTA,,55.0,Andhra Pradesh,67121,11116%3A69871
,Alluri Sitharama Raju,KOYYURU,ANTHADA,,55.0,Andhra Pradesh,67121,11116%3A69331
,Alluri Sitharama Raju,KOYYURU,RAMARAJUPALEM,,55.0,Andhra Pradesh,67121,11116%3A68%3A21
,Alluri Sitharama Raju,KOYYURU,KANNAVARAM,,55.0,Andhra Pradesh,67121,11116%3A698%3A1
,Alluri Sitharama Raju,KOYYURU,THALLAPALEM,,55.0,Andhra Pradesh,67121,11116%3A69651
,Alluri Sitharama Raju,KOYYURU,RAVIMANUPALEM,,55.0,Andhra Pradesh,67121,11116%3A68971
,Alluri Sitharama Raju,KOYYURU,GANERLAPALEM,,55.0,Andhra Pradesh,67121,11116%3A68%3A11
,Alluri Sitharama Raju,KOYYURU,DOMALAGONDI,,55.0,Andhra Pradesh,67121,11116%3A69371
,Alluri Sitharama Raju,KOYYURU,SARABHANNA PALEM,,55.0,Andhra Pradesh,67121,11116%3A68991
,Alluri Sitharama Raju,KOYYURU,KATHIRALLODDI,,55.0,Andhra Pradesh,67121,11116%3A68%3A41
,Alluri Sitharama Raju,KOYYURU,VELAGALAPALEM,,55.0,Andhra Pradesh,67121,11116%3A68931
,Alluri Sitharama Raju,KOYYURU,SOLABU,,55.0,Andhra Pradesh,67121,11116%3A69611
,Alluri Sitharama Raju,KOYYURU,NALLAGONDA,,55.0,Andhra Pradesh,67121,11116%3A69211
,Alluri Sitharama Raju,KOYYURU,NIMMALAGONDI,,55.0,Andhra Pradesh,67121,11116%3A69641
,Alluri Sitharama Raju,KOYYURU,VALUGUDEM,,55.0,Andhra Pradesh,67121,11116%3A69941
,Alluri Sitharama Raju,KOYYURU,BANGARAMMAPETA,,55.0,Andhra Pradesh,67121,11116%3A69321
,Alluri Sitharama Raju,KOYYURU,DHARMAVARAM,,55.0,Andhra Pradesh,67121,11116%3A68821
,Alluri Sitharama Raju,KOYYURU,GANUGULA,,55.0,Andhra Pradesh,67121,11116%3A68%3A71
,Alluri Sitharama Raju,KOYYURU,PADI,,55.0,Andhra Pradesh,67121,11116%3A68%3A91
,Alluri Sitharama Raju,KOYYURU,NALLABILLI,,55.0,Andhra Pradesh,67121,11116%3A69851
,Alluri Sitharama Raju,KOYYURU,TULABADA,,55.0,Andhra Pradesh,67121,11116%3A68911
,Alluri Sitharama Raju,KOYYURU,SURENDRAPALEM,,55.0,Andhra Pradesh,67121,11116%3A695%3A1
,Alluri Sitharama Raju,KOYYURU,GUMMADIMANUPALEM,,55.0,Andhra Pradesh,67121,11116%3A68881
,Alluri Sitharama Raju,KOYYURU,MAMPA,,55.0,Andhra Pradesh,67121,11116%3A69561
,Alluri Sitharama Raju,KOYYURU,KATRAGEDDA,,55.0,Andhra Pradesh,67121,11116%3A68%3A31
,Alluri Sitharama Raju,KOYYURU,KAMPARAGULA,,55.0,Andhra Pradesh,67121,11116%3A69181
,Alluri Sitharama Raju,KOYYURU,ANNAVARAM,,55.0,Andhra Pradesh,67121,11116%3A699%3A1
,Alluri Sitharama Raju,KOYYURU,RAJUPETA,,55.0,Andhra Pradesh,67121,11116%3A69341
,Alluri Sitharama Raju,KOYYURU,NADIMPALEM,,55.0,Andhra Pradesh,67121,11116%3A69221
,Alluri Sitharama Raju,KOYYURU,GADABAPALEM,,55.0,Andhra Pradesh,67121,11116%3A68751
,Alluri Sitharama Raju,KOYYURU,RAJENDRAPALEM,,55.0,Andhra Pradesh,67121,11116%3A69591
,Alluri Sitharama Raju,KOYYURU,DODDAVARAM,,55.0,Andhra Pradesh,67121,11116%3A69631
,Alluri Sitharama Raju,KOYYURU,BALARAM,,55.0,Andhra Pradesh,67121,11116%3A69141
,Alluri Sitharama Raju,KOYYURU,BAKALURU,,55.0,Andhra Pradesh,67121,11116%3A68661
,Alluri Sitharama Raju,KOYYURU,KINDANGI,,55.0,Andhra Pradesh,67121,11116%3A69981
,Alluri Sitharama Raju,KOYYURU,PARADESIPAKALU,,55.0,Andhra Pradesh,67121,11116%3A692%3A1
,Alluri Sitharama Raju,KOYYURU,CHOWDUPALLE,,55.0,Andhra Pradesh,67121,11116%3A69971
,Alluri Sitharama Raju,KOYYURU,MANDIPALLE,,55.0,Andhra Pradesh,67121,11116%3A69791
,Alluri Sitharama Raju,KOYYURU,KOMMIKA,,55.0,Andhra Pradesh,67121,11116%3A69161
,Alluri Sitharama Raju,KOYYURU,PIDATHAMAMIDI,,55.0,Andhra Pradesh,67121,11116%3A69671
,Alluri Sitharama Raju,KOYYURU,KINAPARTHI,,55.0,Andhra Pradesh,67121,11116%3A69271
,Alluri Sitharama Raju,KOYYURU,PITTALAPADU,,55.0,Andhra Pradesh,67121,11116%3A69831
,Alluri Sitharama Raju,KOYYURU,KANTARAM,,55.0,Andhra Pradesh,67121,11116%3A69151
,Alluri Sitharama Raju,KOYYURU,MALLAVARAM,,55.0,Andhra Pradesh,67121,11116%3A68711
,Alluri Sitharama Raju,KOYYURU,KONDAGOKIRI,,55.0,Andhra Pradesh,67121,11116%3A68%3A81
,Alluri Sitharama Raju,KOYYURU,MARRIWADA,,55.0,Andhra Pradesh,67121,11116%3A69661
,Alluri Sitharama Raju,KOYYURU,RATNAMPETA,,55.0,Andhra Pradesh,67121,11116%3A68%3A%3A1
,Alluri Sitharama Raju,KOYYURU,TEEGALAMETTA,,55.0,Andhra Pradesh,67121,11116%3A689%3A1
,Alluri Sitharama Raju,KOYYURU,PEDAMAKAVARAM,,55.0,Andhra Pradesh,67121,11116%3A68%3A61
,Alluri Sitharama Raju,KOYYURU,MULAPETA,,55.0,Andhra Pradesh,67121,11116%3A68791
,Alluri Sitharama Raju,KOYYURU,MULAGALAMETTA,,55.0,Andhra Pradesh,67121,11116%3A69291
,Alluri Sitharama Raju,KOYYURU,BALUSUKURA PAKALU,,55.0,Andhra Pradesh,67121,11116%3A69361
,Alluri Sitharama Raju,KOYYURU,KOTHURU,,55.0,Andhra Pradesh,67121,11116%3A68741
,Alluri Sitharama Raju,KOYYURU,RAMANNAPALEM,,55.0,Andhra Pradesh,67121,11116%3A68761
,Alluri Sitharama Raju,KOYYURU,DOWNURU,,55.0,Andhra Pradesh,67121,11116%3A688%3A1
,Alluri Sitharama Raju,KOYYURU,GANGAVARAM,,55.0,Andhra Pradesh,67121,11116%3A69571
,Alluri Sitharama Raju,KOYYURU,VUDUTHA,,55.0,Andhra Pradesh,67121,11116%3A69891
,Alluri Sitharama Raju,KOYYURU,U.CHEEDIPALEM,,55.0,Andhra Pradesh,67121,11116%3A69691
,Alluri Sitharama Raju,KOYYURU,RELLALAPALEM,,55.0,Andhra Pradesh,67121,11116%3A68871
,Alluri Sitharama Raju,KOYYURU,KOYYURU,,55.0,Andhra Pradesh,67121,11116%3A69541
,Alluri Sitharama Raju,KOYYURU,VALASAMPETA,,55.0,Andhra Pradesh,67121,11116%3A69261
,Alluri Sitharama Raju,KOYYURU,NALLAGONDA,,55.0,Andhra Pradesh,67121,11116%3A69421
,Alluri Sitharama Raju,KOYYURU,REVALLU,,55.0,Andhra Pradesh,67121,11116%3A694%3A1
,Alluri Sitharama Raju,KOYYURU,KINTHALOVA,,55.0,Andhra Pradesh,67121,11116%3A69171
,Alluri Sitharama Raju,KOYYURU,RAVANAPALLE,,55.0,Andhra Pradesh,67121,11116%3A69231
,Alluri Sitharama Raju,KOYYURU,CHITTEMPADU,,55.0,Andhra Pradesh,67121,11116%3A68671
,Alluri Sitharama Raju,KOYYURU,NIMMALAPALEM,,55.0,Andhra Pradesh,67121,11116%3A69491
,Alluri Sitharama Raju,KOYYURU,NADIMPALEM,,55.0,Andhra Pradesh,67121,11116%3A69441
,Alluri Sitharama Raju,KOYYURU,POKALAPALEM,,55.0,Andhra Pradesh,67121,11116%3A69821
,Alluri Sitharama Raju,KOYYURU,BALAREVULU,,55.0,Andhra Pradesh,67121,11116%3A69931
,Alluri Sitharama Raju,KOYYURU,YERRINAIDU PAKALU,,55.0,Andhra Pradesh,67121,11116%3A69411
,Alluri Sitharama Raju,KOYYURU,KOPPUKONDA,,55.0,Andhra Pradesh,67121,11116%3A693%3A1
,Alluri Sitharama Raju,KOYYURU,CHINTALAPUDI,,55.0,Andhra Pradesh,67121,11116%3A69451
,Alluri Sitharama Raju,KOYYURU,ADAKULA,,55.0,Andhra Pradesh,67121,11116%3A69111
,Alluri Sitharama Raju,KOYYURU,GOPAVARAM,,55.0,Andhra Pradesh,67121,11116%3A68681
,Alluri Sitharama Raju,KOYYURU,GUDLAPALLI,,55.0,Andhra Pradesh,67121,11116%3A69721
,Alluri Sitharama Raju,KOYYURU,ROBBASINGI,,55.0,Andhra Pradesh,67121,11116%3A68861
,Alluri Sitharama Raju,KOYYURU,POTHAVARAM,,55.0,Andhra Pradesh,67121,11116%3A69481
,Alluri Sitharama Raju,KOYYURU,GINJARTHI,,55.0,Andhra Pradesh,67121,11116%3A69431
,Alluri Sitharama Raju,KOYYURU,CHEEDIPALEM,,55.0,Andhra Pradesh,67121,11116%3A69511
,Alluri Sitharama Raju,KOYYURU,SINGAVARAM,,55.0,Andhra Pradesh,67121,11116%3A69521
,Alluri Sitharama Raju,KOYYURU,CHINTUVANIPALEM,,55.0,Andhra Pradesh,67121,11116%3A69531
,Alluri Sitharama Raju,KOYYURU,KINCHAVANIPALEM,,55.0,Andhra Pradesh,67121,11116%3A69581
,Alluri Sitharama Raju,KOYYURU,YERRAGONDA,,55.0,Andhra Pradesh,67121,11116%3A69731
,Alluri Sitharama Raju,KOYYURU,VANTAMARRI,,55.0,Andhra Pradesh,67121,11116%3A697%3A1
,Alluri Sitharama Raju,KOYYURU,BUDARALLA,,55.0,Andhra Pradesh,67121,11116%3A69921
,Alluri Sitharama Raju,KOYYURU,BONKULAPALEM,,55.0,Andhra Pradesh,67121,11116%3A687%3A1
,Alluri Sitharama Raju,KOYYURU,MARRIPALEM,,55.0,Andhra Pradesh,67121,11116%3A68811
,Alluri Sitharama Raju,KOYYURU,KONDASANTHA,,55.0,Andhra Pradesh,67121,11116%3A68771
,Alluri Sitharama Raju,KOYYURU,NIMMAGEDDA,,55.0,Andhra Pradesh,67121,11116%3A68941
,Alluri Sitharama Raju,KOYYURU,BATTAPANUKULU,,55.0,Andhra Pradesh,67121,11116%3A68%3A51
,Alluri Sitharama Raju,KOYYURU,GAMKONDA,,55.0,Andhra Pradesh,67121,11116%3A69191
,Alluri Sitharama Raju,KOYYURU,BATTUMETTA,,55.0,Andhra Pradesh,67121,11116%3A691%3A1
,Alluri Sitharama Raju,KOYYURU,RAVIMANUPAKALU,,55.0,Andhra Pradesh,67121,11116%3A69241
,Alluri Sitharama Raju,KOYYURU,BHEEMAVARAM,,55.0,Andhra Pradesh,67121,11116%3A69281
,Alluri Sitharama Raju,KOYYURU,PANASALAPADU,,55.0,Andhra Pradesh,67121,11116%3A69461
,Alluri Sitharama Raju,KOYYURU,LUBBARTHI,,55.0,Andhra Pradesh,67121,11116%3A69471
,Alluri Sitharama Raju,KOYYURU,KOTHAPALLE,,55.0,Andhra Pradesh,67121,11116%3A69351
,Alluri Sitharama Raju,G.K.VEEDHI,SARITA NEREDUPALLE,,20.00,Andhra Pradesh,66%3A71,11116%3A61951
,Alluri Sitharama Raju,G.K.VEEDHI,ADAGARAPALLE,,55.00,Andhra Pradesh,66%3A71,11116%3A65161
,Alluri Sitharama Raju,G.K.VEEDHI,TEEMULABANDA,,55.00,Andhra Pradesh,66%3A71,11116%3A65261
,Alluri Sitharama Raju,G.K.VEEDHI,BUSULU,,46.30,Andhra Pradesh,66%3A71,11116%3A65511
,Alluri Sitharama Raju,G.K.VEEDHI,GUDIWADA,,55.00,Andhra Pradesh,66%3A71,11116%3A65831
,Alluri Sitharama Raju,G.K.VEEDHI,Gaigampalli,,55.00,Andhra Pradesh,66%3A71,111173%3A3451
,Alluri Sitharama Raju,G.K.VEEDHI,SILERU,,55.00,Andhra Pradesh,66%3A71,11116%3A61%3A51
,Alluri Sitharama Raju,G.K.VEEDHI,KONDAKICHANGI,,55.00,Andhra Pradesh,66%3A71,11116%3A65931
,Alluri Sitharama Raju,G.K.VEEDHI,YENUGUGONDI,,55.00,Andhra Pradesh,66%3A71,11116%3A%3A4161
,Alluri Sitharama Raju,G.K.VEEDHI,PARAMASINGAVARAM,,55.00,Andhra Pradesh,66%3A71,11116%3A65411
,Alluri Sitharama Raju,G.K.VEEDHI,SIGNAPALLE,,55.00,Andhra Pradesh,66%3A71,11116%3A65881
,Alluri Sitharama Raju,G.K.VEEDHI,GODICHINTA,,55.00,Andhra Pradesh,66%3A71,11116%3A64%3A11
,Alluri Sitharama Raju,G.K.VEEDHI,KOTTURU,,55.00,Andhra Pradesh,66%3A71,11116%3A62131
,Alluri Sitharama Raju,G.K.VEEDHI,CHINNAJADUMURU,,55.00,Andhra Pradesh,66%3A71,11116%3A65781
,Alluri Sitharama Raju,G.K.VEEDHI,CHAKKALAMADDI,,55.00,Andhra Pradesh,66%3A71,11116%3A62111
,Alluri Sitharama Raju,G.K.VEEDHI,SURAVARAM,,55.00,Andhra Pradesh,66%3A71,11116%3A65751
,Alluri Sitharama Raju,G.K.VEEDHI,YENUGUBAYALU,,55.00,Andhra Pradesh,66%3A71,11116%3A62121
,Alluri Sitharama Raju,G.K.VEEDHI,BONAMPALLE,,55.00,Andhra Pradesh,66%3A71,11116%3A65571
,Alluri Sitharama Raju,G.K.VEEDHI,KODISINGI,,55.00,Andhra Pradesh,66%3A71,11116%3A65221
,Alluri Sitharama Raju,G.K.VEEDHI,PEDDAVALASA,,55.00,Andhra Pradesh,66%3A71,11116%3A65771
,Alluri Sitharama Raju,G.K.VEEDHI,YERRAVARAM,,55.00,Andhra Pradesh,66%3A71,11116%3A65661
,Alluri Sitharama Raju,G.K.VEEDHI,GUDEM COLONY,,55.00,Andhra Pradesh,66%3A71,11116%3A65521
,Alluri Sitharama Raju,G.K.VEEDHI,DOKULURU,,55.00,Andhra Pradesh,66%3A71,11116%3A656%3A1
,Alluri Sitharama Raju,G.K.VEEDHI,NELAJARTHA,,55.00,Andhra Pradesh,66%3A71,11116%3A65371
,Alluri Sitharama Raju,G.K.VEEDHI,CHINTALAWADA,,55.00,Andhra Pradesh,66%3A71,11117188581
,Alluri Sitharama Raju,G.K.VEEDHI,NADIMIVEEDHI,,55.00,Andhra Pradesh,66%3A71,11116%3A62261
,Alluri Sitharama Raju,G.K.VEEDHI,LAKKAVARAM,,55.00,Andhra Pradesh,66%3A71,11116%3A65551
,Alluri Sitharama Raju,G.K.VEEDHI,ETAROBBU,,55.00,Andhra Pradesh,66%3A71,11116%3A65481
,Alluri Sitharama Raju,G.K.VEEDHI,YERRACHERUVULU,,55.00,Andhra Pradesh,66%3A71,11116%3A65631
,Alluri Sitharama Raju,G.K.VEEDHI,GONDIPALLE,,55.00,Andhra Pradesh,66%3A71,11116%3A65431
,Alluri Sitharama Raju,G.K.VEEDHI,MANGALAPALEM,,55.00,Andhra Pradesh,66%3A71,11116%3A65581
,Alluri Sitharama Raju,G.K.VEEDHI,BADASALLU,,55.00,Andhra Pradesh,66%3A71,11116%3A65821
,Alluri Sitharama Raju,G.K.VEEDHI,AGRAHARAM,,55.00,Andhra Pradesh,66%3A71,11116%3A61%3A11
,Alluri Sitharama Raju,G.K.VEEDHI,CHAMAGEDDA,,55.00,Andhra Pradesh,66%3A71,11116%3A65111
,Alluri Sitharama Raju,G.K.VEEDHI,JADUMURU,,55.00,Andhra Pradesh,66%3A71,11116%3A65791
,Alluri Sitharama Raju,G.K.VEEDHI,KORAPALLE,,55.00,Andhra Pradesh,66%3A71,11116%3A65121
,Alluri Sitharama Raju,G.K.VEEDHI,JONNAMAMIDI,,55.00,Andhra Pradesh,66%3A71,11116%3A618%3A1
,Alluri Sitharama Raju,G.K.VEEDHI,GALIKONDA,,55.00,Andhra Pradesh,66%3A71,11116%3A65461
,Alluri Sitharama Raju,G.K.VEEDHI,DARAKONDA,,55.00,Andhra Pradesh,66%3A71,11116%3A61%3A%3A1
,Alluri Sitharama Raju,G.K.VEEDHI,MONDIGEDDA,,55.00,Andhra Pradesh,66%3A71,11116%3A65851
,Alluri Sitharama Raju,G.K.VEEDHI,EBULUM,,55.00,Andhra Pradesh,66%3A71,11116%3A64%3A81
,Alluri Sitharama Raju,G.K.VEEDHI,DURGAM,,55.00,Andhra Pradesh,66%3A71,11116%3A62211
,Alluri Sitharama Raju,G.K.VEEDHI,MADEM,,55.00,Andhra Pradesh,66%3A71,11116%3A65971
,Alluri Sitharama Raju,G.K.VEEDHI,DEVARAPALLE,,55.00,Andhra Pradesh,66%3A71,11116%3A65591
,Alluri Sitharama Raju,G.K.VEEDHI,RAMPULU,,55.00,Andhra Pradesh,66%3A71,11116%3A65731
,Alluri Sitharama Raju,G.K.VEEDHI,NITTAMAMIDI PALEM,,55.00,Andhra Pradesh,66%3A71,11116%3A65181
,Alluri Sitharama Raju,G.K.VEEDHI,VALASAGEDDA,,55.00,Andhra Pradesh,66%3A71,11116%3A61831
,Alluri Sitharama Raju,G.K.VEEDHI,LAKKAVARAPUPETA,,55.00,Andhra Pradesh,66%3A71,11116%3A65651
,Alluri Sitharama Raju,G.K.VEEDHI,KAMPAMANUPAKALU,,55.00,Andhra Pradesh,66%3A71,11116%3A65641
,Alluri Sitharama Raju,G.K.VEEDHI,KATTUPALLE,,55.00,Andhra Pradesh,66%3A71,11116%3A65861
,Alluri Sitharama Raju,G.K.VEEDHI,DUCHARAPALEM,,55.00,Andhra Pradesh,66%3A71,11116%3A64%3A61
,Alluri Sitharama Raju,G.K.VEEDHI,KOTNABILLI,,55.00,Andhra Pradesh,66%3A71,11116%3A64%3A71
,Alluri Sitharama Raju,G.K.VEEDHI,GORRELOVA,,55.00,Andhra Pradesh,66%3A71,11116%3A62181
,Alluri Sitharama Raju,G.K.VEEDHI,ANNAVARAM,,55.00,Andhra Pradesh,66%3A71,11116%3A65361
,Alluri Sitharama Raju,G.K.VEEDHI,DABBAGONDI,,55.00,Andhra Pradesh,66%3A71,11116%3A61941
,Alluri Sitharama Raju,G.K.VEEDHI,VANCHULA,,55.00,Andhra Pradesh,66%3A71,11116%3A651%3A1
,Alluri Sitharama Raju,G.K.VEEDHI,RALLAGEDDA,,55.00,Andhra Pradesh,66%3A71,11116%3A619%3A1
,Alluri Sitharama Raju,G.K.VEEDHI,RINTHADA,,55.00,Andhra Pradesh,66%3A71,11116%3A64%3A51
,Alluri Sitharama Raju,G.K.VEEDHI,TOKARAI,,55.00,Andhra Pradesh,66%3A71,11116%3A621%3A1
,Alluri Sitharama Raju,G.K.VEEDHI,DUPPALAWADA,,55.00,Andhra Pradesh,66%3A71,11116%3A61971
,Alluri Sitharama Raju,G.K.VEEDHI,CHINTAGOPPU,,55.00,Andhra Pradesh,66%3A71,11116%3A65331
,Alluri Sitharama Raju,G.K.VEEDHI,JERRILAKOTHURU,,55.00,Andhra Pradesh,66%3A71,11116%3A64971
,Alluri Sitharama Raju,G.K.VEEDHI,VANABALINGAM,,55.00,Andhra Pradesh,66%3A71,11116%3A65981
,Alluri Sitharama Raju,G.K.VEEDHI,KOKKITAPADU,,55.00,Andhra Pradesh,66%3A71,11116%3A65711
,Alluri Sitharama Raju,G.K.VEEDHI,GANGAVARAM,,55.00,Andhra Pradesh,66%3A71,11116%3A61%3A71
,Alluri Sitharama Raju,G.K.VEEDHI,BUDDAMANUPAKALU,,55.00,Andhra Pradesh,66%3A71,11116%3A65491
,Alluri Sitharama Raju,G.K.VEEDHI,PUJARIPAKALU,,55.00,Andhra Pradesh,66%3A71,11116%3A654%3A1
,Alluri Sitharama Raju,G.K.VEEDHI,KOMMARAPALLE,,55.00,Andhra Pradesh,66%3A71,11116%3A61981
,Alluri Sitharama Raju,G.K.VEEDHI,PIPPALADODDI,,55.00,Andhra Pradesh,66%3A71,11116%3A65921
,Alluri Sitharama Raju,G.K.VEEDHI,JERRILA,,55.00,Andhra Pradesh,66%3A71,11116%3A54%3A61
,Alluri Sitharama Raju,G.K.VEEDHI,NEREDUPALLE,,55.00,Andhra Pradesh,66%3A71,11116%3A61991
,Alluri Sitharama Raju,G.K.VEEDHI,DAMANAPALLE,,55.00,Andhra Pradesh,66%3A71,11116%3A65231
,Alluri Sitharama Raju,G.K.VEEDHI,KONGAPAKALU,,55.00,Andhra Pradesh,66%3A71,11116%3A62161
,Alluri Sitharama Raju,G.K.VEEDHI,BATHUNURU,,55.00,Andhra Pradesh,66%3A71,11116%3A65421
,Alluri Sitharama Raju,G.K.VEEDHI,SIRIBALA,,55.00,Andhra Pradesh,66%3A71,11116%3A65151
,Alluri Sitharama Raju,G.K.VEEDHI,GOLLAPALLE,,55.00,Andhra Pradesh,66%3A71,11116%3A62241
,Alluri Sitharama Raju,G.K.VEEDHI,CHALLANISILPA,,55.00,Andhra Pradesh,66%3A71,11116%3A61961
,Alluri Sitharama Raju,G.K.VEEDHI,KOTHAPALLE,,55.00,Andhra Pradesh,66%3A71,11116%3A65451
,Alluri Sitharama Raju,G.K.VEEDHI,AMMAGARIDARAKONDA,,55.00,Andhra Pradesh,66%3A71,11116%3A%3A42%3A1
,Alluri Sitharama Raju,G.K.VEEDHI,KOTHAWADA,,55.00,Andhra Pradesh,66%3A71,11116%3A65841
,Alluri Sitharama Raju,G.K.VEEDHI,CHEEDIGUNTA,,55.00,Andhra Pradesh,66%3A71,11116%3A62191
,Alluri Sitharama Raju,G.K.VEEDHI,KOMMALAWADA,,55.00,Andhra Pradesh,66%3A71,11116%3A61%3A31
,Alluri Sitharama Raju,G.K.VEEDHI,Vusirigudem,,55.00,Andhra Pradesh,66%3A71,111173%3A3521
,Alluri Sitharama Raju,G.K.VEEDHI,KATRAGEDDA,,55.00,Andhra Pradesh,66%3A71,11116%3A61931
,Alluri Sitharama Raju,G.K.VEEDHI,VASUWADA,,55.00,Andhra Pradesh,66%3A71,11116%3A64%3A21
,Alluri Sitharama Raju,G.K.VEEDHI,GINJANGI,,55.00,Andhra Pradesh,66%3A71,11116%3A65871
,Alluri Sitharama Raju,G.K.VEEDHI,SANKADAKOTHURU,,55.00,Andhra Pradesh,66%3A71,11116%3A657%3A1
,Alluri Sitharama Raju,G.K.VEEDHI,ERNABILLI,,55.00,Andhra Pradesh,66%3A71,11116%3A65811
,Alluri Sitharama Raju,G.K.VEEDHI,CHAPARATHIPALEM,,55.00,Andhra Pradesh,66%3A71,11116%3A65741
,Alluri Sitharama Raju,G.K.VEEDHI,NIMMALAPALEM,,55.00,Andhra Pradesh,66%3A71,11116%3A65761
,Alluri Sitharama Raju,G.K.VEEDHI,THURUMAMIDI,,55.00,Andhra Pradesh,66%3A71,11116%3A65671
,Alluri Sitharama Raju,G.K.VEEDHI,VADAMAMIDI,,95.24,Andhra Pradesh,66%3A71,11116%3A65691
,Alluri Sitharama Raju,G.K.VEEDHI,NEELAVARAM,,30.53,Andhra Pradesh,66%3A71,11116%3A65561
,Alluri Sitharama Raju,G.K.VEEDHI,MUDDULA BUSIKONDA,,55.00,Andhra Pradesh,66%3A71,11116%3A65441
,Alluri Sitharama Raju,G.K.VEEDHI,GUDEM PATHA VEEDHI,,55.00,Andhra Pradesh,66%3A71,11116%3A65471
,Alluri Sitharama Raju,G.K.VEEDHI,G.K.VEEDHI,,55.00,Andhra Pradesh,66%3A71,11116%3A655%3A1
,Alluri Sitharama Raju,G.K.VEEDHI,KODISINGI,,63.72,Andhra Pradesh,66%3A71,11116%3A65611
,Alluri Sitharama Raju,G.K.VEEDHI,GUMMALA GONDI,,55.00,Andhra Pradesh,66%3A71,11116%3A65621
,Alluri Sitharama Raju,G.K.VEEDHI,SAGULU,,55.00,Andhra Pradesh,66%3A71,11116%3A65531
,Alluri Sitharama Raju,G.K.VEEDHI,KOTHAGUDEM,,14.71,Andhra Pradesh,66%3A71,11116%3A65541
,Alluri Sitharama Raju,G.K.VEEDHI,TADAKAPALLE,,55.00,Andhra Pradesh,66%3A71,11116%3A%3A43%3A1
,Alluri Sitharama Raju,G.K.VEEDHI,PEBBAMPALLE,,55.00,Andhra Pradesh,66%3A71,11116%3A%3A4461
,Alluri Sitharama Raju,G.K.VEEDHI,JAJIPAKALU,,55.00,Andhra Pradesh,66%3A71,11116%3A%3A4221
,Alluri Sitharama Raju,G.K.VEEDHI,CHELAKAVEEDHI,,55.00,Andhra Pradesh,66%3A71,11116%3A%3A4251
,Alluri Sitharama Raju,G.K.VEEDHI,LINGAVARAM,,55.00,Andhra Pradesh,66%3A71,11116%3A65941
,Alluri Sitharama Raju,G.K.VEEDHI,BURUGUPAKALU,,55.00,Andhra Pradesh,66%3A71,11116%3A65961
,Alluri Sitharama Raju,G.K.VEEDHI,GANDEMPALLI,,55.00,Andhra Pradesh,66%3A71,11117416%3A41
,Alluri Sitharama Raju,G.K.VEEDHI,Lubbagunta,,55.00,Andhra Pradesh,66%3A71,111173%3A3471
,Alluri Sitharama Raju,G.K.VEEDHI,GANDEPALLE,,55.00,Andhra Pradesh,66%3A71,11116%3A64%3A31
,Alluri Sitharama Raju,G.K.VEEDHI,ASARADA,,55.00,Andhra Pradesh,66%3A71,11116%3A64%3A41
,Alluri Sitharama Raju,G.K.VEEDHI,MARRIPALEM,,55.00,Andhra Pradesh,66%3A71,11116%3A64%3A91
,Alluri Sitharama Raju,G.K.VEEDHI,MULLAMETTA,,55.00,Andhra Pradesh,66%3A71,11116%3A64%3A%3A1
,Alluri Sitharama Raju,G.K.VEEDHI,VANTHADAPALLE,,55.00,Andhra Pradesh,66%3A71,11116%3A65171
,Alluri Sitharama Raju,G.K.VEEDHI,CHERAPALLE,,55.00,Andhra Pradesh,66%3A71,11116%3A65131
,Alluri Sitharama Raju,G.K.VEEDHI,MUNAGARAPALLE,,55.00,Andhra Pradesh,66%3A71,11116%3A65141
,Alluri Sitharama Raju,G.K.VEEDHI,MADIMALLA,,22.39,Andhra Pradesh,66%3A71,11116%3A65341
,Alluri Sitharama Raju,G.K.VEEDHI,KOTHURUKOTA,,55.00,Andhra Pradesh,66%3A71,11116%3A65351
,Alluri Sitharama Raju,G.K.VEEDHI,KAKANURU,,55.00,Andhra Pradesh,66%3A71,11116%3A65381
,Alluri Sitharama Raju,G.K.VEEDHI,GUMMIREVULU,,55.00,Andhra Pradesh,66%3A71,11116%3A65391
,Alluri Sitharama Raju,G.K.VEEDHI,KONDAJARTHA,,55.00,Andhra Pradesh,66%3A71,11116%3A653%3A1
,Alluri Sitharama Raju,G.K.VEEDHI,KOTHAPALEM,,66.67,Andhra Pradesh,66%3A71,11116%3A65241
,Alluri Sitharama Raju,G.K.VEEDHI,CHODIRAI,,55.00,Andhra Pradesh,66%3A71,11116%3A65321
,Alluri Sitharama Raju,G.K.VEEDHI,KONDAWADA,,55.00,Andhra Pradesh,66%3A71,11116%3A65211
,Alluri Sitharama Raju,G.K.VEEDHI,VEERAVARAM,,55.00,Andhra Pradesh,66%3A71,11116%3A65191
,Alluri Sitharama Raju,G.K.VEEDHI,CHINTALAPADU,,55.00,Andhra Pradesh,66%3A71,11116%3A59751
,Alluri Sitharama Raju,G.K.VEEDHI,BUSIKONDA,,55.00,Andhra Pradesh,66%3A71,11116%3A61891
,Alluri Sitharama Raju,G.K.VEEDHI,PETRAI,,55.00,Andhra Pradesh,66%3A71,11116%3A61%3A61
,Alluri Sitharama Raju,G.K.VEEDHI,NARAMAMIDI GONDI,,55.00,Andhra Pradesh,66%3A71,11116%3A61%3A81
,Alluri Sitharama Raju,G.K.VEEDHI,NIMMACHETTU,,55.00,Andhra Pradesh,66%3A71,11116%3A61%3A91
,Alluri Sitharama Raju,G.K.VEEDHI,KONDRUPALLE,,55.00,Andhra Pradesh,66%3A71,11116%3A64981
,Alluri Sitharama Raju,G.K.VEEDHI,PANASAPALLE,,55.00,Andhra Pradesh,66%3A71,11116%3A64991
,Alluri Sitharama Raju,G.K.VEEDHI,RALLAGEDDA,,55.00,Andhra Pradesh,66%3A71,11116%3A649%3A1
